x,y,z
-19318.9,-19318.9,1815.34
-19226,-19318.9,1809.95
-19318.9,-19226,1801.51
-19318.9,-19133.1,1789.41
-19226,-19226,1776.79
-19226,-19133.1,1765.88
-19133.1,-19226,1763.62
-19040.2,-19226,1755.91
-18947.4,-19226,1749.13
-19040.2,-19133.1,1742.02
-19040.2,-19040.2,1732.98
-18947.4,-19133.1,1724.28
-18947.4,-19040.2,1721.09
-18854.5,-19133.1,1712.05
-18761.6,-19133.1,1705.73
-18854.5,-19040.2,1701.01
-18947.4,-18947.4,1701.34
-18947.4,-18854.5,1692.5
-18854.5,-18947.4,1677.15
-18761.6,-19040.2,1679.28
-18668.7,-19040.2,1664.12
-18575.9,-19040.2,1655.02
-18668.7,-18947.4,1644.91
-18575.9,-18947.4,1641.26
-18483,-18854.5,1632.08
-18575.9,-18854.5,1626.3
-18483,-18761.6,1623.58
-18483,-18668.7,1623.64
-18575.9,-18761.6,1613.41
-18668.7,-18761.6,1603.84
-18575.9,-18668.7,1589.21
-18668.7,-18668.7,1578.58
-18761.6,-18575.9,1570.87
-18854.5,-18483,1565.35
-18854.5,-18390.1,1566.35
-18854.5,-18297.2,1565.88
-18854.5,-18204.3,1566.15
-18854.5,-18111.5,1566.28
-18854.5,-18018.6,1566.61
-18854.5,-17925.7,1566.68
-18854.5,-17832.8,1566.35
-18854.5,-17739.9,1566.21
-18854.5,-17647.1,1566.35
-18854.5,-17554.2,1566.08
-18854.5,-17461.3,1566.08
-18854.5,-17368.4,1566.28
-18854.5,-17275.5,1566.15
-18854.5,-17182.7,1566.08
-18761.6,-17089.8,1566.08
-18668.7,-16996.9,1565.35
-18575.9,-16904,1563.22
-18483,-16811.1,1564.55
-18390.1,-16718.3,1564.75
-18297.2,-16625.4,1563.95
-18204.3,-16532.5,1563.62
-18111.5,-16439.6,1563.29
-18018.6,-16346.7,1563.49
-17925.7,-16253.9,1563.75
-17832.8,-16253.9,1564.02
-17739.9,-16161,1563.09
-17647.1,-16068.1,1563.95
-17554.2,-16068.1,1564.62
-17461.3,-15975.2,1565.28
-17368.4,-15882.4,1566.08
-17275.5,-15789.5,1565.95
-17182.7,-15696.6,1566.01
-17089.8,-15696.6,1566.08
-16996.9,-15696.6,1565.82
-16904,-15696.6,1571.33
-16811.1,-15603.7,1572.26
-16718.3,-15510.8,1581.44
-16718.3,-15418,1588.22
-16625.4,-15418,1598.85
-16532.5,-15510.8,1616.07
-16532.5,-15418,1621.12
-16439.6,-15510.8,1632.68
-16439.6,-15418,1640.06
-16346.7,-15418,1645.91
-16253.9,-15418,1654.68
-16161,-15325.1,1652.56
-16068.1,-15232.2,1650.76
-16068.1,-15139.3,1642.52
-16068.1,-15046.4,1648.24
-15975.2,-14953.6,1661.93
-15882.4,-14860.7,1674.62
-15789.5,-14767.8,1686.39
-15789.5,-14860.7,1703.34
-15696.6,-14953.6,1717.89
-15696.6,-14860.7,1723.48
-15789.5,-14953.6,1733.65
-15789.5,-15046.4,1741.42
-15882.4,-15139.3,1740.16
-15882.4,-15232.2,1754.72
-15789.5,-15139.3,1778.45
-15696.6,-15046.4,1769.14
-15603.7,-15046.4,1794.33
-15510.8,-14953.6,1788.88
-15510.8,-15046.4,1781.11
-15418,-15139.3,1796.53
-15325.1,-15232.2,1807.16
-15325.1,-15325.1,1809.89
-15232.2,-15325.1,1815.8
-15139.3,-15325.1,1818.93
-15046.4,-15325.1,1820.06
-14953.6,-15325.1,1822.38
-14860.7,-15325.1,1824.84
-14767.8,-15325.1,1828.23
-14674.9,-15418,1834.95
-14582,-15325.1,1842.06
-14489.2,-15325.1,1846.78
-14489.2,-15418,1851.1
-14396.3,-15325.1,1857.54
-14303.4,-15232.2,1867.78
-14303.4,-15325.1,1874.96
-14210.5,-15232.2,1881.21
-14210.5,-15139.3,1885.26
-14117.6,-15139.3,1893.44
-14117.6,-15232.2,1901.01
-14210.5,-15325.1,1896.83
-14303.4,-15418,1903.94
-14303.4,-15510.8,1911.78
-14396.3,-15603.7,1912.51
-14489.2,-15696.6,1916.5
-14396.3,-15696.6,1929.26
-14303.4,-15603.7,1931.66
-14303.4,-15696.6,1938.7
-14210.5,-15789.5,1948.21
-14117.6,-15696.6,1949.14
-14024.8,-15696.6,1949.67
-13931.9,-15696.6,1954.72
-13839,-15696.6,1955.19
-13746.1,-15696.6,1957.51
-13653.3,-15696.6,1961.77
-13560.4,-15696.6,1968.75
-13560.4,-15603.7,1974.26
-13467.5,-15603.7,1982.7
-13374.6,-15510.8,1971.94
-13374.6,-15418,1970.27
-13281.7,-15325.1,1956.91
-13281.7,-15418,1950.53
-13188.9,-15325.1,1939.17
-13096,-15325.1,1929.99
-13003.1,-15325.1,1925.28
-13096,-15418,1922.48
-13003.1,-15418,1914.18
-12910.2,-15418,1912.18
-12817.3,-15510.8,1901.55
-12724.5,-15510.8,1899.75
-12631.6,-15510.8,1898.82
-12538.7,-15510.8,1891.38
-12445.8,-15418,1879.15
-12352.9,-15418,1873.5
-12260.1,-15510.8,1868.45
-12167.2,-15418,1862.33
-12167.2,-15510.8,1859.8
-12074.3,-15418,1854.75
-11981.4,-15325.1,1848.77
-11888.5,-15232.2,1842.52
-11795.7,-15232.2,1838.27
-11702.8,-15232.2,1835.68
-11609.9,-15232.2,1829.89
-11517,-15232.2,1823.78
-11609.9,-15325.1,1818.79
-11517,-15418,1813.48
-11517,-15325.1,1807.43
-11424.1,-15232.2,1803.04
-11424.1,-15139.3,1794.73
-11331.3,-15139.3,1784.3
-11238.4,-15139.3,1777.98
-11145.5,-15046.4,1766.42
-11145.5,-15139.3,1761.1
-11052.6,-15046.4,1747.81
-10959.8,-15046.4,1742.95
-10866.9,-15046.4,1728.6
-10774,-15046.4,1717.56
-10681.1,-14953.6,1712.31
-10681.1,-15046.4,1708.12
-10588.2,-14953.6,1691.91
-10588.2,-15046.4,1688.32
-10495.4,-14953.6,1675.95
-10495.4,-15046.4,1667.51
-10402.5,-14953.6,1656.41
-10309.6,-14860.7,1637.6
-10216.7,-14767.8,1626.57
-10123.8,-14674.9,1638.53
-10031,-14582,1642.45
-9938.08,-14582,1643.05
-9845.2,-14582,1628.43
-9752.32,-14489.2,1629.62
-9659.44,-14396.3,1635.14
-9566.56,-14396.3,1628.1
-9473.68,-14396.3,1638.13
-9380.8,-14396.3,1620.52
-9287.93,-14303.4,1627.9
-9195.05,-14210.5,1633.55
-9102.17,-14117.6,1647.9
-9009.29,-14024.8,1649.96
-8916.41,-13931.9,1649.63
-8823.53,-13931.9,1650.56
-8730.65,-13839,1654.62
-8637.77,-13746.1,1658.8
-8637.77,-13653.3,1663.99
-8544.89,-13560.4,1665.38
-8452.01,-13467.5,1665.98
-8452.01,-13374.6,1666.18
-8359.13,-13281.7,1665.92
-8359.13,-13188.9,1668.58
-8266.25,-13096,1675.16
-8266.25,-13003.1,1675.02
-8173.37,-12910.2,1690.91
-8173.37,-12817.3,1690.18
-8080.5,-12724.5,1694.83
-7987.62,-12631.6,1705.13
-7987.62,-12538.7,1709.99
-7894.74,-12445.8,1711.05
-7894.74,-12538.7,1726.34
-7801.86,-12445.8,1728.4
-7708.98,-12352.9,1745.74
-7801.86,-12260.1,1750.26
-7708.98,-12167.2,1756.05
-7616.1,-12074.3,1761.17
-7616.1,-11981.4,1776.19
-7523.22,-11888.5,1782.1
-7523.22,-11795.7,1780.24
-7523.22,-11702.8,1784.56
-7430.34,-11609.9,1783.37
-7430.34,-11517,1789.81
-7430.34,-11424.1,1793.2
-7337.46,-11331.3,1791.14
-7244.58,-11238.4,1797.86
-7151.7,-11145.5,1807.56
-7244.58,-11145.5,1815.4
-7151.7,-11052.6,1818.66
-7058.82,-11052.6,1825.11
-7151.7,-10959.8,1835.34
-7058.82,-10866.9,1837.34
-6965.94,-10959.8,1840.6
-6873.07,-10866.9,1845.18
-6873.07,-10774,1848.31
-6965.94,-10774,1854.69
-6873.07,-10681.1,1861.6
-6780.19,-10588.2,1867.71
-6687.31,-10495.4,1870.97
-6594.43,-10495.4,1874.43
-6687.31,-10402.5,1886.72
-6594.43,-10309.6,1887.65
-6501.55,-10216.7,1890.31
-6501.55,-10123.8,1897.89
-6408.67,-10031,1908.86
-6315.79,-9938.08,1912.12
-6315.79,-9845.2,1917.23
-6315.79,-9752.32,1922.68
-6315.79,-9659.44,1923.95
-6315.79,-9566.56,1919.23
-6408.67,-9473.68,1928.73
-6408.67,-9380.8,1932.99
-6408.67,-9287.93,1938.24
-6315.79,-9195.05,1941.1
-6408.67,-9102.17,1951.73
-6501.55,-9102.17,1955.39
-6408.67,-9009.29,1967.02
-6501.55,-9009.29,1970.87
-6594.43,-9009.29,1981.24
-6501.55,-8916.41,1992.61
-6594.43,-8916.41,2005.97
-6501.55,-8823.53,2021.52
-6408.67,-8730.65,2030.76
-6315.79,-8730.65,2034.88
-6222.91,-8730.65,2051.83
-6130.03,-8823.53,2056.22
-6037.15,-8916.41,2058.35
-5944.27,-9009.29,2081.81
-5944.27,-9102.17,2089.12
-5944.27,-9195.05,2093.31
-5944.27,-9287.93,2100.02
-5944.27,-9380.8,2129.2
-5944.27,-9473.68,2125.68
-5944.27,-9566.56,2126.67
-5944.27,-9659.44,2134.65
-5944.27,-9752.32,2139.64
-5851.39,-9845.2,2144.55
-5758.51,-9938.08,2162.1
-5758.51,-9845.2,2180.58
-5851.39,-9752.32,2196.73
-5758.51,-9752.32,2209.96
-5665.63,-9845.2,2212.49
-5572.76,-9938.08,2225.05
-5572.76,-9845.2,2236.28
-5479.88,-9938.08,2244.26
-5479.88,-9845.2,2253.3
-5572.76,-9752.32,2264.6
-5479.88,-9752.32,2270.58
-5387,-9845.2,2286.2
-5387,-9752.32,2294.31
-5479.88,-9659.44,2308.07
-5572.76,-9566.56,2324.22
-5479.88,-9566.56,2334.65
-5387,-9566.56,2335.65
-5479.88,-9473.68,2346.42
-5387,-9473.68,2359.58
-5387,-9380.8,2364.23
-5294.12,-9287.93,2373.74
-5294.12,-9380.8,2377.59
-5201.24,-9380.8,2385.24
-5108.36,-9380.8,2387.63
-5201.24,-9287.93,2392.88
-5201.24,-9195.05,2397.2
-5108.36,-9287.93,2408.5
-5015.48,-9287.93,2419.47
-4922.6,-9380.8,2422.66
-4922.6,-9287.93,2429.64
-5015.48,-9195.05,2435.62
-5015.48,-9102.17,2439.74
-4922.6,-9195.05,2448.31
-4829.72,-9195.05,2454.7
-4922.6,-9102.17,2460.08
-4922.6,-9009.29,2462.01
-4829.72,-9102.17,2472.38
-4736.84,-9102.17,2480.62
-4829.72,-9009.29,2483.14
-4829.72,-8916.41,2494.11
-4736.84,-9009.29,2495.97
-4643.96,-9009.29,2498.56
-4736.84,-8916.41,2510.26
-4643.96,-8916.41,2515.58
-4551.08,-8916.41,2516.91
-4458.2,-9009.29,2522.89
-4365.33,-9102.17,2518.37
-4272.45,-9195.05,2514.18
-4179.57,-9287.93,2508.54
-4179.57,-9195.05,2501.49
-4179.57,-9102.17,2494.51
-4086.69,-9195.05,2487.46
-3993.81,-9195.05,2479.16
-3900.93,-9195.05,2470.91
-3808.05,-9195.05,2467.39
-3900.93,-9102.17,2459.75
-3993.81,-9009.29,2454.63
-3900.93,-9009.29,2443.26
-3808.05,-9102.17,2436.35
-3808.05,-9009.29,2430.57
-3900.93,-8916.41,2425.78
-3900.93,-8823.53,2420.2
-3993.81,-8730.65,2422.46
-3993.81,-8637.77,2414.75
-3993.81,-8544.89,2411.42
-3993.81,-8452.01,2408.43
-3900.93,-8359.13,2388.36
-3900.93,-8452.01,2379.72
-3808.05,-8544.89,2362.3
-3808.05,-8637.77,2359.98
-3715.17,-8730.65,2349.94
-3715.17,-8637.77,2340.3
-3622.29,-8730.65,2329.54
-3622.29,-8637.77,2324.55
-3529.41,-8730.65,2312.12
-3436.53,-8637.77,2289.99
-3436.53,-8730.65,2283.01
-3343.65,-8637.77,2276.36
-3250.77,-8637.77,2260.08
-3343.65,-8730.65,2248.71
-3250.77,-8730.65,2242.4
-3157.89,-8730.65,2235.75
-3065.02,-8637.77,2222.32
-2972.14,-8544.89,2215.48
-2879.26,-8544.89,2209.03
-2786.38,-8452.01,2199.32
-2693.5,-8359.13,2193.87
-2600.62,-8266.25,2189.22
-2507.74,-8173.37,2185.43
-2414.86,-8080.5,2180.65
-2414.86,-7987.62,2179.52
-2321.98,-7894.74,2176.86
-2229.1,-7801.86,2172.27
-2136.22,-7708.98,2172.27
-2043.34,-7708.98,2168.35
-2043.34,-7616.1,2163.03
-1950.46,-7523.22,2157.32
-1857.59,-7523.22,2156.32
-1764.71,-7430.34,2154.39
-1671.83,-7430.34,2143.76
-1764.71,-7337.46,2133.52
-1671.83,-7337.46,2118.3
-1764.71,-7244.58,2101.15
-1857.59,-7151.7,2098.82
-1857.59,-7058.82,2086.39
-1857.59,-6965.94,2075.49
-1764.71,-7058.82,2061.34
-1671.83,-7151.7,2058.68
-1578.95,-7151.7,2055.09
-1671.83,-7058.82,2049.7
-1671.83,-6965.94,2045.32
-1578.95,-7058.82,2040
-1578.95,-6965.94,2034.88
-1578.95,-6873.07,2033.75
-1486.07,-6965.94,2025.58
-1486.07,-6873.07,2023.65
-1393.19,-6965.94,2016.34
-1393.19,-6873.07,2013.28
-1300.31,-6780.19,2005.5
-1300.31,-6873.07,2002.71
-1207.43,-6780.19,1994.54
-1114.55,-6687.31,1988.62
-1021.67,-6594.43,1984.37
-928.793,-6594.43,1980.38
-835.913,-6594.43,1976.92
-743.034,-6594.43,1974.73
-650.155,-6501.55,1972.14
-557.276,-6501.55,1970.87
-464.396,-6501.55,1969.48
-371.517,-6501.55,1968.81
-278.638,-6408.67,1968.21
-185.759,-6408.67,1967.95
-92.8793,-6408.67,1967.22
3.63798e-12,-6315.79,1966.35
92.8793,-6315.79,1966.15
185.759,-6315.79,1966.49
278.638,-6222.91,1968.28
371.517,-6222.91,1970.01
464.396,-6222.91,1966.15
557.276,-6130.03,1973.4
650.155,-6130.03,1965.02
743.034,-6130.03,1959.44
835.913,-6130.03,1958.58
928.793,-6130.03,1952.99
1021.67,-6037.15,1946.81
1114.55,-6037.15,1930.46
1114.55,-5944.27,1921.22
1207.43,-5944.27,1903.94
1300.31,-5944.27,1897.82
1393.19,-5944.27,1892.71
1486.07,-5944.27,1885.46
1578.95,-5944.27,1877.68
1671.83,-5944.27,1871.1
1764.71,-5851.39,1858.81
1857.59,-5758.51,1857.94
1950.46,-5665.63,1859.41
2043.34,-5572.76,1855.95
2136.22,-5479.88,1852.29
2136.22,-5387,1855.62
2043.34,-5294.12,1852.83
1950.46,-5201.24,1846.58
2043.34,-5108.36,1837.6
2136.22,-5201.24,1827.83
2136.22,-5108.36,1819.13
2229.1,-5201.24,1810.75
2229.1,-5108.36,1795.99
2321.98,-5201.24,1783.03
2414.86,-5108.36,1771.2
2321.98,-5015.48,1762.36
2321.98,-4922.6,1754.65
2414.86,-4829.72,1741.09
2321.98,-4829.72,1738.57
2414.86,-4922.6,1721.88
2507.74,-4922.6,1716.9
2507.74,-4829.72,1713.71
2507.74,-4736.84,1712.78
2600.62,-4829.72,1700.95
2693.5,-4829.72,1695.83
2693.5,-4922.6,1689.31
2786.38,-4829.72,1674.29
2786.38,-4922.6,1664.79
2786.38,-5015.48,1652.29
2879.26,-5108.36,1648.97
2972.14,-5015.48,1644.18
3065.02,-4922.6,1637.07
3157.89,-4922.6,1630.22
3065.02,-4829.72,1619.46
3157.89,-4829.72,1617.73
3250.77,-4829.72,1610.48
3157.89,-4736.84,1600.51
3250.77,-4736.84,1592.27
3157.89,-4643.96,1584.89
3250.77,-4551.08,1578.98
3343.65,-4458.2,1572.46
3436.53,-4365.33,1564.29
3529.41,-4272.45,1558.44
3622.29,-4179.57,1555.91
3715.17,-4086.69,1554.52
3808.05,-3993.81,1551.99
3900.93,-3900.93,1548.4
3993.81,-3808.05,1542.55
4086.69,-3808.05,1538.36
4179.57,-3715.17,1532.05
4272.45,-3622.29,1529.39
4365.33,-3529.41,1525.2
4458.2,-3436.53,1521.81
4458.2,-3343.65,1519.62
4458.2,-3250.77,1517.43
4551.08,-3157.89,1514.83
4643.96,-3065.02,1508.98
4736.84,-2972.14,1508.19
4829.72,-2879.26,1506.66
4922.6,-2879.26,1505.93
5015.48,-2786.38,1505.66
5108.36,-2786.38,1505.4
5201.24,-2693.5,1505.46
5294.12,-2693.5,1504
5387,-2600.62,1495.36
5479.88,-2507.74,1488.71
5572.76,-2414.86,1485.72
5665.63,-2414.86,1485.32
5758.51,-2321.98,1479.27
5851.39,-2321.98,1473.62
5944.27,-2321.98,1468.71
6037.15,-2321.98,1463.12
6130.03,-2321.98,1457.94
6222.91,-2321.98,1452.95
6315.79,-2321.98,1447.83
6408.67,-2321.98,1442.18
6501.55,-2321.98,1437.27
6594.43,-2229.1,1432.48
6687.31,-2136.22,1426.9
6594.43,-2043.34,1417.46
6501.55,-1950.46,1409.95
6408.67,-1857.59,1401.31
6408.67,-1764.71,1400.51
6501.55,-1671.83,1390.87
6594.43,-1578.95,1377.98
6594.43,-1671.83,1371.13
6594.43,-1764.71,1361.09
6687.31,-1671.83,1355.51
6780.19,-1671.83,1352.19
6687.31,-1764.71,1345.54
6780.19,-1857.59,1337.63
6873.07,-1764.71,1329.06
6965.94,-1857.59,1321.08
6965.94,-1950.46,1315.83
7058.82,-1857.59,1304.59
7058.82,-1950.46,1299.14
7151.7,-1950.46,1293.89
7151.7,-2043.34,1290.24
7244.58,-2043.34,1285.78
7244.58,-2136.22,1280.73
7244.58,-2229.1,1277.68
7337.46,-2321.98,1271.69
7430.34,-2414.86,1267.57
7523.22,-2507.74,1263.92
7616.1,-2600.62,1261.79
7708.98,-2693.5,1254.94
7708.98,-2786.38,1251.69
7801.86,-2879.26,1247.96
7801.86,-2972.14,1244.37
7894.74,-3065.02,1242.45
7987.62,-3157.89,1237.59
7894.74,-3250.77,1233.54
7894.74,-3343.65,1229.55
7894.74,-3436.53,1229.02
7987.62,-3529.41,1224.17
7987.62,-3622.29,1222.77
8080.5,-3715.17,1218.25
8080.5,-3808.05,1215.66
7987.62,-3715.17,1209.48
7987.62,-3808.05,1207.55
7987.62,-3900.93,1205.42
7987.62,-3993.81,1203.5
7894.74,-4086.69,1201.97
7801.86,-4179.57,1198.31
7801.86,-4272.45,1197.58
7894.74,-4365.33,1190.73
7987.62,-4458.2,1180.17
7987.62,-4551.08,1182.16
8080.5,-4643.96,1176.98
7987.62,-4736.84,1178.31
7987.62,-4829.72,1175.25
7987.62,-4922.6,1174.65
7987.62,-5015.48,1175.45
7987.62,-5108.36,1166.27
7987.62,-5201.24,1157.5
7987.62,-5294.12,1151.92
7987.62,-5387,1143.08
7987.62,-5479.88,1137.43
7987.62,-5572.76,1130.91
8080.5,-5665.63,1124.13
8080.5,-5758.51,1109.24
8173.37,-5851.39,1105.59
8266.25,-5944.27,1108.38
8359.13,-5944.27,1095.42
8452.01,-6037.15,1083.59
8544.89,-6130.03,1083.06
8544.89,-6222.91,1077.07
8637.77,-6315.79,1076.08
8637.77,-6408.67,1074.42
8637.77,-6501.55,1074.55
8730.65,-6594.43,1070.23
8637.77,-6594.43,1064.98
8730.65,-6687.31,1056.07
8823.53,-6687.31,1055.8
8916.41,-6780.19,1053.74
9009.29,-6873.07,1053.08
9102.17,-6965.94,1052.95
9195.05,-7058.82,1051.75
9195.05,-7151.7,1045.97
9287.93,-7151.7,1041.18
9380.8,-7244.58,1028.35
9380.8,-7337.46,1026.23
9380.8,-7430.34,1025.43
9473.68,-7523.22,1017.98
9566.56,-7430.34,1010.8
9659.44,-7523.22,1004.82
9752.32,-7616.1,1002.16
9845.2,-7616.1,999.505
9938.08,-7616.1,1001.3
10031,-7616.1,1001.57
10123.8,-7616.1,998.309
10216.7,-7616.1,996.647
10309.6,-7616.1,998.708
10402.5,-7523.22,1001.83
10495.4,-7523.22,1001.7
10588.2,-7616.1,995.65
10681.1,-7616.1,992.393
10774,-7616.1,990.864
10866.9,-7616.1,989.07
10959.8,-7616.1,985.746
11052.6,-7616.1,985.348
11145.5,-7708.98,981.16
11238.4,-7801.86,979.897
11331.3,-7894.74,975.71
11424.1,-7894.74,973.649
11517,-7987.62,967.866
11609.9,-7987.62,964.144
11702.8,-7987.62,961.818
11795.7,-7987.62,957.896
11888.5,-7987.62,952.778
11981.4,-7987.62,951.449
12074.3,-7987.62,950.053
12167.2,-7987.62,949.255
12260.1,-7987.62,949.255
12352.9,-8080.5,946.862
12445.8,-8080.5,943.738
12538.7,-8080.5,941.611
12631.6,-8080.5,940.548
12724.5,-8080.5,940.614
12817.3,-8080.5,940.481
12910.2,-8173.37,937.69
13003.1,-8266.25,934.433
13096,-8266.25,932.372
13188.9,-8359.13,930.578
13281.7,-8359.13,929.248
13374.6,-8452.01,927.321
13467.5,-8544.89,925.327
13560.4,-8637.77,923.466
13653.3,-8730.65,920.408
13746.1,-8823.53,919.411
13839,-8823.53,916.819
13931.9,-8823.53,915.955
14024.8,-8916.41,913.961
14117.6,-8916.41,911.435
14210.5,-9009.29,910.305
14303.4,-9102.17,907.846
14396.3,-9102.17,906.25
14489.2,-9195.05,904.389
14582,-9287.93,898.606
14674.9,-9287.93,898.407
14767.8,-9380.8,896.745
14860.7,-9473.68,896.679
14953.6,-9473.68,896.214
15046.4,-9566.56,895.017
15139.3,-9659.44,895.682
15232.2,-9752.32,895.017
15325.1,-9845.2,891.228
15418,-9938.08,890.497
15510.8,-10031,886.243
15510.8,-10123.8,883.983
15603.7,-10216.7,882.588
15696.6,-10216.7,879.065
15789.5,-10309.6,880.527
15882.4,-10309.6,876.605
15882.4,-10402.5,871.687
15975.2,-10495.4,864.043
16068.1,-10588.2,864.242
16068.1,-10681.1,859.789
16161,-10774,861.052
16253.9,-10866.9,858.061
16346.7,-10959.8,855.668
16439.6,-11052.6,853.142
16532.5,-11145.5,847.027
16625.4,-11238.4,842.374
16718.3,-11238.4,837.721
16811.1,-11331.3,839.45
16904,-11331.3,834.332
16996.9,-11331.3,830.942
17089.8,-11331.3,827.951
17182.7,-11424.1,825.824
17275.5,-11517,821.304
17368.4,-11609.9,820.839
17461.3,-11702.8,819.243
17554.2,-11795.7,816.053
17647.1,-11888.5,811.666
17739.9,-11981.4,806.814
17832.8,-12074.3,804.221
17925.7,-12167.2,802.427
18018.6,-12167.2,798.572
18111.5,-12167.2,796.644
18204.3,-12167.2,796.179
18297.2,-12260.1,793.985
18390.1,-12352.9,792.922
18483,-12445.8,791.327
18575.9,-12538.7,788.867
18668.7,-12631.6,788.136
18761.6,-12724.5,789.133
18854.5,-12724.5,786.408
18947.4,-12724.5,790.529
19040.2,-12817.3,784.148
19133.1,-12817.3,786.74
19226,-12910.2,783.882
19226,-13003.1,784.281
19318.9,-13096,782.22
19411.8,-13096,782.619
19504.6,-13188.9,775.241
19597.5,-13281.7,777.036
19690.4,-13374.6,783.55
19783.3,-13374.6,785.344
19876.2,-13467.5,791.526
19969,-13467.5,789.798
20061.9,-13560.4,785.012
20154.8,-13653.3,784.148
20247.7,-13746.1,770.589
20340.6,-13839,776.837
20433.4,-13839,765.736
20526.3,-13839,765.936
20619.2,-13839,763.476
20712.1,-13839,759.555
20805,-13839,767.996
20897.8,-13746.1,769.459
20990.7,-13746.1,764.673
21083.6,-13839,759.621
21176.5,-13839,753.706
21269.3,-13839,757.627
21362.2,-13839,739.88
21455.1,-13839,730.641
21548,-13931.9,724.46
21640.9,-13931.9,724.858
21733.7,-13931.9,722.931
21826.6,-13931.9,727.783
21919.5,-14024.8,725.124
22012.4,-14117.6,723.994
22105.3,-14117.6,737.288
22198.1,-14117.6,742.738
22291,-14117.6,734.496
22383.9,-14117.6,741.077
22476.8,-14210.5,725.922
22569.7,-14210.5,716.084
22662.5,-14303.4,723.13
22755.4,-14303.4,720.937
22848.3,-14396.3,721.867
22755.4,-14489.2,724.925
22848.3,-14582,725.789
22941.2,-14582,731.173
23034.1,-14489.2,736.357
23126.9,-14396.3,738.883
23219.8,-14396.3,747.458
23312.7,-14396.3,754.836
23405.6,-14396.3,754.37
23498.5,-14396.3,752.775
23591.3,-14489.2,772.051
23498.5,-14489.2,781.223
23591.3,-14582,788.734
23498.5,-14674.9,804.554
23591.3,-14674.9,807.478
23498.5,-14582,812.397
23405.6,-14674.9,830.211
23312.7,-14582,835.462
23405.6,-14582,843.571
23312.7,-14674.9,848.622
23219.8,-14674.9,858.061
23219.8,-14767.8,866.17
23126.9,-14767.8,884.249
23034.1,-14767.8,892.691
23126.9,-14860.7,896.945
23034.1,-14953.6,915.157
22941.2,-14953.6,928.65
23034.1,-15046.4,936.493
23126.9,-15046.4,939.75
23219.8,-15139.3,962.948
23126.9,-15139.3,977.438
23034.1,-15139.3,995.783
22941.2,-15139.3,988.405
22848.3,-15232.2,1004.09
22755.4,-15325.1,1005.95
22662.5,-15418,1016.39
22569.7,-15510.8,1032.87
22476.8,-15510.8,1035.66
22383.9,-15603.7,1054.14
22476.8,-15603.7,1056.6
22383.9,-15696.6,1070.03
22291,-15789.5,1075.88
22198.1,-15882.4,1086.18
22291,-15882.4,1101.27
22198.1,-15975.2,1103.53
22105.3,-16068.1,1108.85
22012.4,-16161,1122.14
21919.5,-16253.9,1132.24
21826.6,-16253.9,1138.69
21826.6,-16346.7,1151.39
21733.7,-16253.9,1153.11
21640.9,-16253.9,1155.04
21548,-16161,1161.89
21455.1,-16253.9,1163.62
21362.2,-16346.7,1159.3
21269.3,-16346.7,1158.03
21176.5,-16253.9,1165.48
21083.6,-16161,1155.77
20990.7,-16161,1146.53
20897.8,-16161,1142.88
20805,-16161,1140.48
20712.1,-16161,1134.3
20619.2,-16161,1131.84
20526.3,-16161,1146.73
20433.4,-16253.9,1141.28
20340.6,-16346.7,1160.23
20247.7,-16439.6,1172.39
20154.8,-16439.6,1164.55
20061.9,-16439.6,1178.24
19969,-16439.6,1195.12
19876.2,-16439.6,1208.61
19783.3,-16439.6,1224.7
19690.4,-16532.5,1225.43
19597.5,-16532.5,1232.68
19504.6,-16625.4,1237.86
19411.8,-16625.4,1234.6
19318.9,-16718.3,1233.87
19226,-16811.1,1240.19
19133.1,-16904,1237.86
19040.2,-16904,1246.57
18947.4,-16996.9,1246.5
18854.5,-17089.8,1242.11
18854.5,-17182.7,1240.98
18761.6,-17275.5,1253.68
18668.7,-17368.4,1260.93
18575.9,-17461.3,1264.65
18483,-17554.2,1277.14
18575.9,-17554.2,1284.26
18483,-17647.1,1297.22
18390.1,-17647.1,1304.33
18390.1,-17739.9,1325.6
18297.2,-17647.1,1343.74
18204.3,-17554.2,1346
18111.5,-17554.2,1347.07
18018.6,-17554.2,1349.86
17925.7,-17554.2,1360.56
17832.8,-17647.1,1372.86
17739.9,-17647.1,1376.91
17647.1,-17739.9,1391.47
17554.2,-17739.9,1399.05
17554.2,-17647.1,1406.16
17461.3,-17647.1,1422.31
17368.4,-17647.1,1435.47
17275.5,-17647.1,1448.9
17182.7,-17739.9,1464.38
17089.8,-17832.8,1490.57
16996.9,-17832.8,1495.82
16904,-17925.7,1505.66
16996.9,-17925.7,1517.43
16904,-17832.8,1526.33
16996.9,-17739.9,1538.5
16904,-17739.9,1544.61
16811.1,-17739.9,1550.93
16904,-17647.1,1556.04
16996.9,-17554.2,1559.63
17089.8,-17461.3,1566.35
17182.7,-17461.3,1572.73
17182.7,-17368.4,1576.32
17275.5,-17461.3,1588.55
17368.4,-17368.4,1596.39
17461.3,-17275.5,1614.4
17554.2,-17368.4,1628.3
17554.2,-17275.5,1631.82
17461.3,-17182.7,1647.5
17554.2,-17182.7,1653.55
17647.1,-17275.5,1653.69
17739.9,-17275.5,1656.35
17647.1,-17182.7,1665.12
17739.9,-17182.7,1689.25
17832.8,-17089.8,1713.64
17832.8,-17182.7,1717.1
17925.7,-17089.8,1733.05
18018.6,-16996.9,1738.43
18111.5,-16904,1747.07
18018.6,-16904,1752.66
18018.6,-16904,1752.66
18111.5,-16904,1747.07
18018.6,-16996.9,1738.43
17925.7,-17089.8,1733.05
17832.8,-17182.7,1717.1
17832.8,-17089.8,1713.64
17739.9,-17182.7,1689.25
17647.1,-17182.7,1665.12
17739.9,-17275.5,1656.35
17647.1,-17275.5,1653.69
17554.2,-17182.7,1653.55
17461.3,-17182.7,1647.5
17554.2,-17275.5,1631.82
17554.2,-17368.4,1628.3
17461.3,-17275.5,1614.4
17368.4,-17368.4,1596.39
17275.5,-17461.3,1588.55
17182.7,-17368.4,1576.32
17182.7,-17461.3,1572.73
17089.8,-17461.3,1566.35
16996.9,-17554.2,1559.63
16904,-17647.1,1556.04
16811.1,-17739.9,1550.93
16904,-17739.9,1544.61
16996.9,-17739.9,1538.5
16904,-17832.8,1526.33
16996.9,-17925.7,1517.43
16904,-17925.7,1505.66
16996.9,-17832.8,1495.82
17089.8,-17832.8,1490.57
17182.7,-17739.9,1464.38
17275.5,-17647.1,1448.9
17368.4,-17647.1,1435.47
17461.3,-17647.1,1422.31
17554.2,-17647.1,1406.16
17554.2,-17739.9,1399.05
17647.1,-17739.9,1391.47
17739.9,-17647.1,1376.91
17832.8,-17647.1,1372.86
17925.7,-17554.2,1360.56
18018.6,-17554.2,1349.86
18111.5,-17554.2,1347.07
18204.3,-17554.2,1346
18297.2,-17647.1,1343.74
18390.1,-17739.9,1325.6
18390.1,-17647.1,1304.33
18483,-17647.1,1297.22
18575.9,-17554.2,1284.26
18483,-17554.2,1277.14
18575.9,-17461.3,1264.65
18668.7,-17368.4,1260.93
18761.6,-17275.5,1253.68
18854.5,-17182.7,1240.98
18854.5,-17089.8,1242.11
18947.4,-16996.9,1246.5
19040.2,-16904,1246.57
19133.1,-16904,1237.86
19226,-16811.1,1240.19
19318.9,-16718.3,1233.87
19411.8,-16625.4,1234.6
19504.6,-16625.4,1237.86
19597.5,-16532.5,1232.68
19690.4,-16532.5,1225.43
19783.3,-16439.6,1224.7
19876.2,-16439.6,1208.61
19969,-16439.6,1195.12
20061.9,-16439.6,1178.24
20154.8,-16439.6,1164.55
20247.7,-16439.6,1172.39
20340.6,-16346.7,1160.23
20433.4,-16253.9,1141.28
20526.3,-16161,1146.73
20619.2,-16161,1131.84
20712.1,-16161,1134.3
20805,-16161,1140.48
20897.8,-16161,1142.88
20990.7,-16161,1146.53
21083.6,-16161,1155.77
21176.5,-16253.9,1165.48
21269.3,-16346.7,1158.03
21362.2,-16346.7,1159.3
21455.1,-16253.9,1163.62
21548,-16161,1161.89
21640.9,-16253.9,1155.04
21733.7,-16253.9,1153.11
21826.6,-16346.7,1151.39
21826.6,-16253.9,1138.69
21919.5,-16253.9,1132.24
22012.4,-16161,1122.14
22105.3,-16068.1,1108.85
22198.1,-15975.2,1103.53
22291,-15882.4,1101.27
22198.1,-15882.4,1086.18
22291,-15789.5,1075.88
22383.9,-15696.6,1070.03
22476.8,-15603.7,1056.6
22383.9,-15603.7,1054.14
22476.8,-15510.8,1035.66
22569.7,-15510.8,1032.87
22662.5,-15418,1016.39
22755.4,-15325.1,1005.95
22848.3,-15232.2,1004.09
22941.2,-15139.3,988.405
23034.1,-15139.3,995.783
23126.9,-15139.3,977.438
23219.8,-15139.3,962.948
23126.9,-15046.4,939.75
23034.1,-15046.4,936.493
22941.2,-14953.6,928.65
23034.1,-14953.6,915.157
23126.9,-14860.7,896.945
23034.1,-14767.8,892.691
23126.9,-14767.8,884.249
23219.8,-14767.8,866.17
23219.8,-14674.9,858.061
23312.7,-14674.9,848.622
23405.6,-14582,843.571
23312.7,-14582,835.462
23405.6,-14674.9,830.211
23498.5,-14582,812.397
23591.3,-14674.9,807.478
23498.5,-14674.9,804.554
23591.3,-14582,788.734
23498.5,-14489.2,781.223
23591.3,-14489.2,772.051
23498.5,-14396.3,752.775
23405.6,-14396.3,754.37
23312.7,-14396.3,754.836
23219.8,-14396.3,747.458
23126.9,-14396.3,738.883
23034.1,-14489.2,736.357
22941.2,-14582,731.173
22848.3,-14582,725.789
22755.4,-14489.2,724.925
22848.3,-14396.3,721.867
22755.4,-14303.4,720.937
22662.5,-14303.4,723.13
22569.7,-14210.5,716.084
22476.8,-14210.5,725.922
22383.9,-14117.6,741.077
22291,-14117.6,734.496
22198.1,-14117.6,742.738
22105.3,-14117.6,737.288
22012.4,-14117.6,723.994
21919.5,-14024.8,725.124
21826.6,-13931.9,727.783
21733.7,-13931.9,722.931
21640.9,-13931.9,724.858
21548,-13931.9,724.46
21455.1,-13839,730.641
21362.2,-13839,739.88
21269.3,-13839,757.627
21176.5,-13839,753.706
21083.6,-13839,759.621
20990.7,-13746.1,764.673
20897.8,-13746.1,769.459
20805,-13839,767.996
20712.1,-13839,759.555
20619.2,-13839,763.476
20526.3,-13839,765.936
20433.4,-13839,765.736
20340.6,-13839,776.837
20247.7,-13746.1,770.589
20154.8,-13653.3,784.148
20061.9,-13560.4,785.012
19969,-13467.5,789.798
19876.2,-13467.5,791.526
19783.3,-13374.6,785.344
19690.4,-13374.6,783.55
19597.5,-13281.7,777.036
19504.6,-13188.9,775.241
19411.8,-13096,782.619
19318.9,-13096,782.22
19226,-13003.1,784.281
19226,-12910.2,783.882
19133.1,-12817.3,786.74
19040.2,-12817.3,784.148
18947.4,-12724.5,790.529
18854.5,-12724.5,786.408
18761.6,-12724.5,789.133
18668.7,-12631.6,788.136
18575.9,-12538.7,788.867
18483,-12445.8,791.327
18390.1,-12352.9,792.922
18297.2,-12260.1,793.985
18204.3,-12167.2,796.179
18111.5,-12167.2,796.644
18018.6,-12167.2,798.572
17925.7,-12167.2,802.427
17832.8,-12074.3,804.221
17739.9,-11981.4,806.814
17647.1,-11888.5,811.666
17554.2,-11795.7,816.053
17461.3,-11702.8,819.243
17368.4,-11609.9,820.839
17275.5,-11517,821.304
17182.7,-11424.1,825.824
17089.8,-11331.3,827.951
16996.9,-11331.3,830.942
16904,-11331.3,834.332
16811.1,-11331.3,839.45
16718.3,-11238.4,837.721
16625.4,-11238.4,842.374
16532.5,-11145.5,847.027
16439.6,-11052.6,853.142
16346.7,-10959.8,855.668
16253.9,-10866.9,858.061
16161,-10774,861.052
16068.1,-10681.1,859.789
16068.1,-10588.2,864.242
15975.2,-10495.4,864.043
15882.4,-10402.5,871.687
15882.4,-10309.6,876.605
15789.5,-10309.6,880.527
15696.6,-10216.7,879.065
15603.7,-10216.7,882.588
15510.8,-10123.8,883.983
15510.8,-10031,886.243
15418,-9938.08,890.497
15325.1,-9845.2,891.228
15232.2,-9752.32,895.017
15139.3,-9659.44,895.682
15046.4,-9566.56,895.017
14953.6,-9473.68,896.214
14860.7,-9473.68,896.679
14767.8,-9380.8,896.745
14674.9,-9287.93,898.407
14582,-9287.93,898.606
14489.2,-9195.05,904.389
14396.3,-9102.17,906.25
14303.4,-9102.17,907.846
14210.5,-9009.29,910.305
14117.6,-8916.41,911.435
14024.8,-8916.41,913.961
13931.9,-8823.53,915.955
13839,-8823.53,916.819
13746.1,-8823.53,919.411
13653.3,-8730.65,920.408
13560.4,-8637.77,923.466
13467.5,-8544.89,925.327
13374.6,-8452.01,927.321
13281.7,-8359.13,929.248
13188.9,-8359.13,930.578
13096,-8266.25,932.372
13003.1,-8266.25,934.433
12910.2,-8173.37,937.69
12817.3,-8080.5,940.481
12724.5,-8080.5,940.614
12631.6,-8080.5,940.548
12538.7,-8080.5,941.611
12445.8,-8080.5,943.738
12352.9,-8080.5,946.862
12260.1,-7987.62,949.255
12167.2,-7987.62,949.255
12074.3,-7987.62,950.053
11981.4,-7987.62,951.449
11888.5,-7987.62,952.778
11795.7,-7987.62,957.896
11702.8,-7987.62,961.818
11609.9,-7987.62,964.144
11517,-7987.62,967.866
11424.1,-7894.74,973.649
11331.3,-7894.74,975.71
11238.4,-7801.86,979.897
11145.5,-7708.98,981.16
11052.6,-7616.1,985.348
10959.8,-7616.1,985.746
10866.9,-7616.1,989.07
10774,-7616.1,990.864
10681.1,-7616.1,992.393
10588.2,-7616.1,995.65
10495.4,-7523.22,1001.7
10402.5,-7523.22,1001.83
10309.6,-7616.1,998.708
10216.7,-7616.1,996.647
10123.8,-7616.1,998.309
10031,-7616.1,1001.57
9938.08,-7616.1,1001.3
9845.2,-7616.1,999.505
9752.32,-7616.1,1002.16
9659.44,-7523.22,1004.82
9566.56,-7430.34,1010.8
9473.68,-7523.22,1017.98
9380.8,-7430.34,1025.43
9380.8,-7337.46,1026.23
9380.8,-7244.58,1028.35
9287.93,-7151.7,1041.18
9195.05,-7151.7,1045.97
9195.05,-7058.82,1051.75
9102.17,-6965.94,1052.95
9009.29,-6873.07,1053.08
8916.41,-6780.19,1053.74
8823.53,-6687.31,1055.8
8730.65,-6687.31,1056.07
8637.77,-6594.43,1064.98
8730.65,-6594.43,1070.23
8637.77,-6501.55,1074.55
8637.77,-6408.67,1074.42
8637.77,-6315.79,1076.08
8544.89,-6222.91,1077.07
8544.89,-6130.03,1083.06
8452.01,-6037.15,1083.59
8359.13,-5944.27,1095.42
8266.25,-5944.27,1108.38
8173.37,-5851.39,1105.59
8080.5,-5758.51,1109.24
8080.5,-5665.63,1124.13
7987.62,-5572.76,1130.91
7987.62,-5479.88,1137.43
7987.62,-5387,1143.08
7987.62,-5294.12,1151.92
7987.62,-5201.24,1157.5
7987.62,-5108.36,1166.27
7987.62,-5015.48,1175.45
7987.62,-4922.6,1174.65
7987.62,-4829.72,1175.25
7987.62,-4736.84,1178.31
8080.5,-4643.96,1176.98
7987.62,-4551.08,1182.16
7987.62,-4458.2,1180.17
7894.74,-4365.33,1190.73
7801.86,-4272.45,1197.58
7801.86,-4179.57,1198.31
7894.74,-4086.69,1201.97
7987.62,-3993.81,1203.5
7987.62,-3900.93,1205.42
7987.62,-3808.05,1207.55
7987.62,-3715.17,1209.48
8080.5,-3808.05,1215.66
8080.5,-3715.17,1218.25
7987.62,-3622.29,1222.77
7987.62,-3529.41,1224.17
7894.74,-3436.53,1229.02
7894.74,-3343.65,1229.55
7894.74,-3250.77,1233.54
7987.62,-3157.89,1237.59
7894.74,-3065.02,1242.45
7801.86,-2972.14,1244.37
7801.86,-2879.26,1247.96
7708.98,-2786.38,1251.69
7708.98,-2693.5,1254.94
7708.98,-2600.62,1259.8
7616.1,-2507.74,1263.98
7708.98,-2414.86,1270.5
7708.98,-2321.98,1275.08
7708.98,-2229.1,1281
7616.1,-2136.22,1288.18
7523.22,-2043.34,1295.42
7616.1,-2043.34,1299.34
7708.98,-1950.46,1306.72
7801.86,-2043.34,1313.77
7801.86,-1950.46,1320.61
7801.86,-1857.59,1325.67
7801.86,-1764.71,1332.38
7801.86,-1671.83,1338.43
7708.98,-1578.95,1347.13
7801.86,-1578.95,1350.06
7708.98,-1486.07,1358.83
7801.86,-1486.07,1361.09
7894.74,-1486.07,1367.94
7801.86,-1393.19,1376.51
7894.74,-1393.19,1378.77
7987.62,-1300.31,1395.32
7894.74,-1300.31,1396.59
7987.62,-1207.43,1408.82
8080.5,-1207.43,1410.74
8173.37,-1114.55,1423.71
8080.5,-1114.55,1425.83
8173.37,-1021.67,1435.34
8080.5,-1021.67,1442.25
8173.37,-928.793,1452.75
8266.25,-835.913,1462.26
8359.13,-743.034,1473.56
8452.01,-743.034,1477.35
8544.89,-835.913,1485.19
8637.77,-743.034,1489.11
8637.77,-650.155,1494.3
8544.89,-557.276,1499.55
8544.89,-464.396,1507.19
8637.77,-464.396,1514.44
8730.65,-557.276,1519.09
8730.65,-464.396,1523.21
8823.53,-557.276,1528.26
8823.53,-464.396,1531.72
8916.41,-557.276,1540.56
8916.41,-464.396,1545.74
8916.41,-371.517,1553.39
9009.29,-464.396,1556.64
9009.29,-371.517,1560.76
9102.17,-371.517,1564.69
9195.05,-278.638,1571.2
9287.93,-185.759,1579.37
9380.8,-185.759,1581.77
9473.68,-92.8793,1587.35
9473.68,3.63798e-12,1589.28
9566.56,92.8793,1589.61
9566.56,185.759,1593.67
9659.44,278.638,1601.38
9752.32,278.638,1603.7
9845.2,278.638,1606.76
9938.08,278.638,1608.89
10031,278.638,1611.28
10123.8,278.638,1614.4
10216.7,278.638,1616.2
10309.6,371.517,1617.26
10402.5,464.396,1623.51
10495.4,464.396,1623.44
10588.2,557.276,1625.97
10681.1,650.155,1626.23
10774,743.034,1626.23
10866.9,835.913,1626.63
10959.8,928.793,1629.23
11052.6,928.793,1630.95
11145.5,1021.67,1634.41
11238.4,1021.67,1634.88
11331.3,1114.55,1636.21
11424.1,1207.43,1636.34
11517,1300.31,1637.07
11609.9,1393.19,1640.72
11702.8,1393.19,1643.45
11795.7,1486.07,1646.18
11795.7,1578.95,1646.51
11888.5,1671.83,1646.37
11981.4,1764.71,1648.5
12074.3,1857.59,1649.96
12167.2,1950.46,1652.89
12260.1,2043.34,1654.82
12352.9,2136.22,1654.88
12445.8,2229.1,1660.13
12445.8,2321.98,1663.26
12445.8,2414.86,1665.85
12538.7,2507.74,1676.09
12631.6,2507.74,1681.67
12724.5,2507.74,1688.91
12724.5,2600.62,1695.63
12817.3,2600.62,1700.81
12910.2,2693.5,1706.93
12910.2,2786.38,1714.64
13003.1,2786.38,1719.36
13003.1,2879.26,1725.14
13096,2972.14,1731.25
13188.9,3065.02,1733.71
13188.9,3157.89,1736.11
13281.7,3250.77,1737.7
13374.6,3343.65,1745.08
13467.5,3436.53,1747.87
13560.4,3529.41,1750.53
13560.4,3622.29,1751.93
13653.3,3715.17,1755.58
13746.1,3715.17,1756.45
13839,3715.17,1757.31
13931.9,3808.05,1759.9
14024.8,3900.93,1761.23
14117.6,3993.81,1761.7
14210.5,4086.69,1764.82
14303.4,4179.57,1770.47
14396.3,4272.45,1775.06
14489.2,4365.33,1777.25
14582,4458.2,1777.32
14674.9,4551.08,1783.7
14767.8,4643.96,1789.02
14860.7,4736.84,1792.34
14860.7,4829.72,1797.39
14767.8,4922.6,1801.84
14860.7,5015.48,1808.62
14767.8,5108.36,1815.27
14674.9,5201.24,1826.04
14767.8,5294.12,1837.27
14860.7,5387,1843.59
14860.7,5294.12,1847.11
14953.6,5387,1853.56
15046.4,5479.88,1857.41
15139.3,5479.88,1862.13
15139.3,5572.76,1871.5
15232.2,5572.76,1877.49
15232.2,5665.63,1889.98
15139.3,5758.51,1903.81
15232.2,5851.39,1912.58
15325.1,5851.39,1926.87
15325.1,5944.27,1932.26
15232.2,5944.27,1944.55
15325.1,6037.15,1957.45
15418,6130.03,1974.66
15510.8,6037.15,1980.44
15510.8,6130.03,1988.09
15418,6222.91,1993.41
15510.8,6315.79,1999.26
15510.8,6408.67,2010.69
15603.7,6315.79,2022.19
15603.7,6408.67,2027.17
15510.8,6501.55,2039.87
15418,6501.55,2047.78
15325.1,6408.67,2056.42
15325.1,6501.55,2062
15325.1,6594.43,2067.05
15325.1,6687.31,2085.13
15232.2,6594.43,2091.45
15232.2,6687.31,2113.78
15139.3,6594.43,2131.53
15139.3,6687.31,2131.73
15232.2,6780.19,2143.89
15325.1,6873.07,2161.04
15418,6780.19,2153.59
15510.8,6780.19,2174.13
15603.7,6780.19,2182.97
15696.6,6687.31,2183.17
15789.5,6594.43,2209.43
15882.4,6501.55,2222.32
15975.2,6408.67,2242.13
16068.1,6315.79,2275.83
16068.1,6408.67,2305.21
16068.1,6501.55,2331.13
16161,6408.67,2352.14
16161,6501.55,2363.24
16161,6594.43,2384.51
16068.1,6687.31,2399.39
15975.2,6780.19,2398
15882.4,6873.07,2400.92
15882.4,6965.94,2407.64
15789.5,7058.82,2403.38
15789.5,7151.7,2432.16
15696.6,7244.58,2451.51
15789.5,7244.58,2462.14
15789.5,7337.46,2482.01
15696.6,7337.46,2500.63
15789.5,7430.34,2502.75
15882.4,7523.22,2495.77
15975.2,7616.1,2467.86
15975.2,7708.98,2440.41
16068.1,7708.98,2431.76
16161,7708.98,2437.61
16253.9,7708.98,2430.43
16346.7,7616.1,2427.38
16439.6,7616.1,2424.98
16346.7,7708.98,2417.54
16253.9,7801.86,2402.32
16161,7801.86,2393.68
16068.1,7894.74,2390.29
16068.1,7987.62,2391.22
16068.1,8080.5,2409.17
16161,8173.37,2378.46
16161,8266.25,2401.72
16161,8359.13,2419.4
16161,8452.01,2429.77
16161,8544.89,2436.48
16161,8637.77,2437.28
16161,8730.65,2446.72
16161,8823.53,2452.64
16161,8916.41,2437.95
16161,9009.29,2430.7
16161,9102.17,2427.98
16068.1,9195.05,2456.49
16068.1,9287.93,2461.28
16068.1,9380.8,2468.26
16068.1,9473.68,2470.71
16068.1,9566.56,2488.46
16068.1,9659.44,2500.16
16068.1,9752.32,2512.39
16068.1,9845.2,2522.43
16068.1,9938.08,2521.43
15975.2,10031,2539.71
15975.2,10123.8,2537.65
15975.2,10216.7,2554.73
15882.4,10123.8,2573.34
15882.4,10216.7,2588.83
15882.4,10309.6,2608.37
15882.4,10402.5,2619.34
15975.2,10495.4,2630.64
15882.4,10495.4,2640.47
15975.2,10588.2,2642.6
15975.2,10681.1,2651.57
16068.1,10774,2674.24
15975.2,10866.9,2655.3
15882.4,10866.9,2615.42
15789.5,10866.9,2628.71
15696.6,10959.8,2586.7
15603.7,10959.8,2596.14
15510.8,10959.8,2605.65
15418,11052.6,2606.31
15418,10959.8,2638.35
15325.1,11052.6,2646.19
15232.2,11052.6,2649.25
15139.3,11052.6,2661.21
15046.4,11052.6,2666.2
14953.6,11052.6,2677.43
14860.7,11052.6,2698.63
14767.8,11145.5,2694.78
14767.8,11238.4,2688.6
14674.9,11331.3,2705.48
14582,11424.1,2700.43
14489.2,11517,2697.11
14396.3,11609.9,2705.21
14396.3,11702.8,2710.53
14396.3,11795.7,2714.59
14396.3,11888.5,2729.68
14396.3,11981.4,2741.77
14396.3,12074.3,2739.91
14396.3,12167.2,2745.69
14396.3,12260.1,2745.63
14489.2,12352.9,2757.26
14582,12445.8,2741.24
14582,12538.7,2758.39
14674.9,12631.6,2764.64
14767.8,12724.5,2765.04
14860.7,12817.3,2756.93
14767.8,12910.2,2780.26
14767.8,12817.3,2789.9
14674.9,12910.2,2812.83
14582,12817.3,2831.9
14582,12910.2,2835.56
14489.2,12817.3,2845.4
14489.2,12910.2,2857.36
14582,13003.1,2858.62
14674.9,13096,2861.22
14674.9,13188.9,2874.84
14767.8,13281.7,2863.74
14860.7,13281.7,2862.88
14953.6,13281.7,2880.49
15046.4,13374.6,2889.66
15139.3,13467.5,2901.36
15232.2,13560.4,2919.18
15139.3,13560.4,2948.49
15232.2,13653.3,2967.3
15325.1,13653.3,2969.16
15418,13653.3,2994.82
15510.8,13653.3,3032.11
15603.7,13560.4,3039.75
15603.7,13653.3,3067.47
15696.6,13746.1,3071.39
15603.7,13839,3080.96
15510.8,13931.9,3089.8
15510.8,14024.8,3112.86
15603.7,14117.6,3084.88
15696.6,14210.5,3061.95
15789.5,14303.4,3083.02
15696.6,14303.4,3099.5
15789.5,14396.3,3114.86
15696.6,14489.2,3094.59
15603.7,14582,3129.55
15603.7,14674.9,3133.2
15603.7,14767.8,3126.23
15510.8,14860.7,3127.75
15418,14767.8,3134.73
15325.1,14767.8,3142.78
15232.2,14767.8,3145.23
15139.3,14767.8,3159.92
15046.4,14767.8,3177.87
14953.6,14767.8,3171.16
14860.7,14767.8,3166.77
14767.8,14767.8,3185.85
14674.9,14860.7,3162.92
14582,14767.8,3146.96
14489.2,14767.8,3121.44
14396.3,14767.8,3117.38
14303.4,14767.8,3102.63
14396.3,14860.7,3088.34
14489.2,14953.6,3079.23
14489.2,15046.4,3073.72
14396.3,14953.6,3063.41
14396.3,15046.4,3045.07
14303.4,14953.6,3043.21
14210.5,14860.7,3034.3
14117.6,14767.8,3041.01
14024.8,14767.8,3039.82
13931.9,14767.8,3042.01
13839,14767.8,3040.75
13746.1,14860.7,3021.21
13653.3,14953.6,3024.46
13560.4,14953.6,3038.35
13467.5,14953.6,3033.5
13374.6,14953.6,3026.39
13281.7,14953.6,3023.2
13188.9,14953.6,3026.06
13096,14953.6,3031.57
13003.1,14953.6,3045.53
12910.2,15046.4,3043.21
12817.3,15139.3,3041.54
12724.5,15232.2,3050.32
12631.6,15325.1,3058.69
12538.7,15418,3062.15
12445.8,15510.8,3074.51
12445.8,15603.7,3082.75
12445.8,15696.6,3094.98
12538.7,15789.5,3085.08
12538.7,15882.4,3095.98
12631.6,15975.2,3089.6
12724.5,16068.1,3100.5
12817.3,16161,3105.42
12910.2,16253.9,3110.54
13003.1,16346.7,3115.46
12910.2,16346.7,3122.24
13003.1,16439.6,3127.62
12910.2,16439.6,3132.14
12817.3,16439.6,3139.72
12910.2,16532.5,3144.44
12817.3,16532.5,3150.35
12724.5,16532.5,3158.99
12724.5,16625.4,3167.04
12631.6,16532.5,3172.42
12631.6,16625.4,3182.59
12724.5,16718.3,3187.91
12631.6,16718.3,3193.69
12538.7,16625.4,3201.07
12538.7,16718.3,3201.93
12538.7,16811.1,3214.03
12445.8,16718.3,3226.19
12445.8,16811.1,3272.72
12538.7,16904,3283.42
12445.8,16996.9,3277.44
12538.7,16996.9,3275.31
12631.6,17089.8,3295.19
12724.5,17182.7,3290.6
12817.3,17089.8,3297.85
12910.2,16996.9,3299.77
12817.3,16996.9,3314.53
12724.5,17089.8,3321.11
12631.6,16996.9,3327.69
12724.5,16904,3350.09
12817.3,16904,3341.32
12910.2,16811.1,3327.23
13003.1,16718.3,3351.42
13096,16718.3,3368.44
13188.9,16811.1,3401.34
13188.9,16811.1,3401.34
13096,16718.3,3368.44
13003.1,16718.3,3351.42
12910.2,16811.1,3327.23
12817.3,16904,3341.32
12724.5,16904,3350.09
12631.6,16996.9,3327.69
12724.5,17089.8,3321.11
12817.3,16996.9,3314.53
12910.2,16996.9,3299.77
12817.3,17089.8,3297.85
12724.5,17182.7,3290.6
12631.6,17182.7,3272.52
12538.7,17089.8,3260.76
12445.8,17089.8,3260.36
12538.7,17182.7,3247.66
12445.8,17182.7,3244.14
12352.9,17182.7,3243.21
12260.1,17182.7,3244.67
12167.2,17182.7,3252.58
12074.3,17275.5,3249.46
11981.4,17368.4,3252.05
11981.4,17275.5,3261.09
11888.5,17368.4,3264.21
11795.7,17461.3,3268.27
11795.7,17368.4,3277.91
11702.8,17461.3,3283.56
11609.9,17461.3,3295.72
11702.8,17368.4,3300.77
11609.9,17275.5,3283.09
11702.8,17182.7,3272.19
11702.8,17089.8,3265.48
11609.9,17182.7,3247.99
11609.9,17089.8,3235.43
11609.9,16996.9,3232.18
11517,16904,3222.74
11517,16996.9,3211.57
11424.1,16904,3205.92
11424.1,16996.9,3197.08
11331.3,16904,3191.83
11331.3,16996.9,3182.66
11331.3,17089.8,3179.2
11238.4,16996.9,3167.9
11238.4,17089.8,3163.18
11145.5,16996.9,3155.6
11145.5,17089.8,3150.49
11052.6,16996.9,3144.57
11052.6,17089.8,3137.26
11052.6,17182.7,3131.14
10959.8,17089.8,3125.03
10959.8,17182.7,3115.19
10866.9,17089.8,3111.34
10866.9,17182.7,3100.1
10774,17089.8,3092.26
10774,17182.7,3084.95
10681.1,17089.8,3071.92
10681.1,17182.7,3069.79
10681.1,17275.5,3068.66
10588.2,17182.7,3051.65
10588.2,17089.8,3048.79
10495.4,17182.7,3032.04
10495.4,17089.8,3024.73
10495.4,16996.9,3017.55
10495.4,16904,3022
10402.5,16811.1,3003.66
10309.6,16718.3,2996.74
10216.7,16625.4,2994.29
10123.8,16532.5,2991.89
10123.8,16625.4,2977.8
10031,16532.5,2974.68
10031,16625.4,2962.31
10123.8,16718.3,2960.32
10216.7,16811.1,2955.93
10216.7,16904,2949.22
10216.7,16996.9,2947.49
10123.8,16904,2939.58
10123.8,16996.9,2937.06
10031,16904,2930.08
10031,16996.9,2927.02
10031,17089.8,2921.97
9938.08,16996.9,2916.58
9845.2,16904,2911.2
9752.32,16904,2906.55
9659.44,16904,2902.29
9752.32,16996.9,2891.33
9659.44,16996.9,2879.76
9566.56,16996.9,2870.52
9659.44,17089.8,2856.5
9566.56,17089.8,2849.05
9659.44,17182.7,2841.74
9566.56,17182.7,2832.63
9659.44,17275.5,2823.86
9566.56,17275.5,2818.74
9473.68,17368.4,2811.23
9380.8,17368.4,2800.86
9473.68,17461.3,2792.75
9566.56,17461.3,2783.38
9659.44,17461.3,2780.32
9752.32,17554.2,2770.95
9659.44,17554.2,2758.46
9752.32,17647.1,2748.75
9752.32,17739.9,2746.29
9752.32,17832.8,2743.37
9659.44,17925.7,2737.92
9566.56,17925.7,2735.19
9473.68,17925.7,2732.47
9380.8,17925.7,2726.48
9380.8,18018.6,2721.43
9287.93,17925.7,2716.58
9195.05,17832.8,2711.06
9195.05,17925.7,2703.89
9102.17,17832.8,2692.19
9102.17,17925.7,2688.07
9102.17,18018.6,2685.61
9102.17,18111.5,2678.23
9195.05,18204.3,2674.31
9287.93,18297.2,2672.38
9380.8,18390.1,2666.4
9380.8,18483,2657.09
9380.8,18575.9,2656.76
9380.8,18668.7,2655.9
9287.93,18761.6,2631.83
9195.05,18854.5,2625.05
9102.17,18947.4,2590.16
9009.29,19040.2,2559.72
8916.41,19133.1,2556.46
8823.53,19226,2561.91
8730.65,19318.9,2574.8
8637.77,19411.8,2560.31
8637.77,19318.9,2546.42
8544.89,19411.8,2529.07
8637.77,19504.6,2502.02
8637.77,19597.5,2472.64
8544.89,19504.6,2462.54
8452.01,19504.6,2452.3
8544.89,19597.5,2434.62
8544.89,19690.4,2411.96
8544.89,19783.3,2391.42
8452.01,19690.4,2383.04
8452.01,19783.3,2368.75
8544.89,19876.2,2359.05
8452.01,19876.2,2342.5
8544.89,19969,2340.44
8637.77,20061.9,2329.6
8637.77,20154.8,2312.65
8544.89,20061.9,2300.56
8452.01,20061.9,2294.71
8452.01,20154.8,2286.13
8359.13,20061.9,2278.36
8266.25,19969,2244.32
8266.25,20061.9,2229.04
8266.25,20154.8,2217.74
8173.37,20061.9,2188.82
8173.37,20154.8,2184.97
8173.37,20247.7,2183.24
8173.37,20340.6,2181.58
8080.5,20247.7,2173.73
8080.5,20340.6,2170.34
8080.5,20433.4,2159.64
8080.5,20526.3,2159.24
7987.62,20433.4,2145.49
7987.62,20526.3,2139.57
7987.62,20619.2,2136.65
7987.62,20712.1,2134.92
7987.62,20805,2125.68
7894.74,20712.1,2112.52
7894.74,20805,2108.6
7894.74,20897.8,2102.81
7801.86,20990.7,2088.79
7801.86,21083.6,2085.73
7801.86,21176.5,2073.83
7801.86,21269.3,2065.26
7801.86,21362.2,2059.81
7801.86,21455.1,2057.28
7708.98,21362.2,2040.73
7616.1,21455.1,2035.75
7523.22,21455.1,2027.5
7616.1,21362.2,2023.52
7616.1,21269.3,2016.07
7523.22,21362.2,2010.42
7430.34,21455.1,2007.83
7337.46,21455.1,2006.63
7430.34,21362.2,1995.07
7523.22,21269.3,1993.8
7523.22,21176.5,1990.35
7430.34,21269.3,1982.57
7337.46,21362.2,1979.91
7337.46,21269.3,1971.21
7430.34,21176.5,1962.96
7337.46,21176.5,1956.32
7244.58,21269.3,1955.45
7244.58,21176.5,1940.03
7337.46,21083.6,1937.04
7244.58,20990.7,1921.55
7244.58,20897.8,1921.82
7244.58,20805,1920.36
7244.58,20712.1,1914.38
7244.58,20619.2,1900.75
7151.7,20712.1,1883.47
7151.7,20619.2,1880.01
7151.7,20526.3,1867.85
7058.82,20619.2,1858.14
7058.82,20712.1,1853.42
7058.82,20805,1835.34
6965.94,20712.1,1820.79
6965.94,20805,1814.41
6873.07,20712.1,1791.08
6873.07,20619.2,1766.55
6873.07,20526.3,1762.1
6873.07,20433.4,1749.53
6780.19,20433.4,1740.43
6687.31,20340.6,1736.04
6780.19,20340.6,1723.08
6780.19,20247.7,1711.78
6780.19,20154.8,1717.89
6780.19,20061.9,1708.72
6780.19,19969,1697.82
6780.19,19876.2,1685.13
6780.19,19783.3,1672.76
6780.19,19690.4,1651.76
6873.07,19597.5,1649.57
6965.94,19504.6,1644.31
7058.82,19411.8,1627.9
7151.7,19411.8,1620.05
7058.82,19318.9,1600.64
7151.7,19226,1584.49
7058.82,19226,1581.17
7151.7,19133.1,1576.92
7058.82,19040.2,1568.67
7058.82,19133.1,1563.49
6965.94,19133.1,1556.98
6965.94,19040.2,1550.46
6873.07,19133.1,1547
6780.19,19226,1540.76
6780.19,19133.1,1532.91
6687.31,19226,1526
6687.31,19133.1,1520.75
6594.43,19226,1514.17
6594.43,19133.1,1510.11
6501.55,19226,1501.27
6501.55,19133.1,1496.89
6408.67,19226,1488.31
6408.67,19133.1,1482.2
6408.67,19040.2,1476.42
6315.79,19133.1,1468.24
6315.79,19040.2,1464.19
6315.79,18947.4,1460.99
6315.79,18854.5,1456.34
6408.67,18761.6,1449.36
6315.79,18668.7,1443.45
6222.91,18761.6,1438.53
6130.03,18854.5,1436.73
6037.15,18947.4,1433.48
5944.27,18854.5,1422.97
6037.15,18761.6,1415.66
5944.27,18761.6,1410.21
5851.39,18668.7,1400.11
5851.39,18575.9,1395.79
5758.51,18483,1390.94
5665.63,18575.9,1386.75
5572.76,18575.9,1385.62
5479.88,18483,1376.85
5572.76,18483,1371.53
5479.88,18390.1,1365.08
5387,18297.2,1358.57
5479.88,18297.2,1355.44
5387,18204.3,1346.74
5294.12,18111.5,1337.43
5201.24,18018.6,1332.71
5201.24,17925.7,1328.59
5108.36,17832.8,1320.41
5015.48,17739.9,1309.85
5015.48,17647.1,1303.6
5015.48,17554.2,1302.27
5015.48,17461.3,1289.11
5108.36,17368.4,1284.65
5015.48,17368.4,1279.87
4922.6,17275.5,1274.48
5015.48,17182.7,1269.5
5108.36,17089.8,1265.78
5015.48,16996.9,1259.86
5108.36,16904,1254.48
5108.36,16811.1,1249.82
5015.48,16718.3,1244.51
4922.6,16625.4,1238.66
4829.72,16532.5,1235.93
4736.84,16439.6,1231.88
4643.96,16346.7,1226.36
4551.08,16253.9,1223.9
4458.2,16161,1221.71
4458.2,16068.1,1219.71
4365.33,15975.2,1214.2
4272.45,15882.4,1211.21
4179.57,15789.5,1206.29
4086.69,15696.6,1203.3
4086.69,15603.7,1201.17
4086.69,15510.8,1199.31
4086.69,15418,1197.71
3993.81,15325.1,1193.93
3900.93,15232.2,1189.87
3900.93,15139.3,1187.88
3808.05,15046.4,1185.02
3715.17,14953.6,1180.7
3715.17,14860.7,1177.51
3622.29,14767.8,1181.63
3622.29,14674.9,1178.7
3529.41,14582,1177.18
3436.53,14489.2,1161.75
3343.65,14396.3,1156.24
3250.77,14303.4,1149.99
3157.89,14303.4,1149.59
3065.02,14210.5,1145.74
2972.14,14117.6,1128.85
2972.14,14024.8,1115.69
2972.14,13931.9,1112.3
2879.26,13839,1103.66
2879.26,13746.1,1097.61
2786.38,13653.3,1094.42
2786.38,13560.4,1094.02
2786.38,13467.5,1093.76
2786.38,13374.6,1090.7
2786.38,13281.7,1090.37
2786.38,13188.9,1088.17
2786.38,13096,1086.11
2693.5,13003.1,1082.86
2600.62,12910.2,1080.26
2600.62,12817.3,1079.67
2507.74,12724.5,1077.94
2507.74,12631.6,1078
2414.86,12538.7,1077.01
2321.98,12445.8,1075.15
2229.1,12352.9,1073.15
2136.22,12260.1,1072.22
2043.34,12167.2,1070.89
2043.34,12074.3,1069.43
1950.46,11981.4,1067.5
1950.46,11888.5,1066.44
1950.46,11795.7,1064.71
1857.59,11702.8,1062.92
1764.71,11609.9,1060.52
1671.83,11517,1058.06
1578.95,11424.1,1055.67
1578.95,11331.3,1054.61
1486.07,11238.4,1053.01
1393.19,11145.5,1050.75
1300.31,11052.6,1049.29
1207.43,10959.8,1047.83
1114.55,10866.9,1045.37
1021.67,10774,1042.78
928.793,10681.1,1041.51
835.913,10588.2,1040.98
743.034,10495.4,1040.18
650.155,10402.5,1039.05
557.276,10309.6,1036.46
464.396,10216.7,1036.59
371.517,10123.8,1036
371.517,10031,1034.27
278.638,9938.08,1034.93
185.759,9845.2,1035.2
92.8793,9752.32,1033.54
3.63798e-12,9659.44,1033.14
-92.8793,9566.56,1029.35
-185.759,9473.68,1027.16
-278.638,9473.68,1026.89
-371.517,9380.8,1026.23
-464.396,9380.8,1024.9
-557.276,9380.8,1023.37
-650.155,9380.8,1022.97
-743.034,9380.8,1023.1
-835.913,9380.8,1022.24
-928.793,9380.8,1021.97
-1021.67,9287.93,1020.64
-1114.55,9195.05,1019.58
-1207.43,9102.17,1018.38
-1300.31,9009.29,1017.92
-1393.19,8916.41,1018.05
-1486.07,8823.53,1015.92
-1578.95,8730.65,1014.46
-1671.83,8637.77,1014.39
-1764.71,8637.77,1013.93
-1857.59,8544.89,1012.67
-1950.46,8544.89,1008.94
-2043.34,8452.01,1009.01
-2136.22,8359.13,1005.95
-2229.1,8266.25,1004.16
-2321.98,8173.37,1002.9
-2414.86,8173.37,1001.7
-2507.74,8080.5,1001.03
-2600.62,7987.62,1001.1
-2693.5,7894.74,1000.97
-2786.38,7801.86,998.641
-2879.26,7801.86,997.312
-2972.14,7708.98,995.916
-3065.02,7708.98,994.454
-3157.89,7708.98,993.789
-3250.77,7616.1,992.659
-3343.65,7616.1,991.197
-3436.53,7616.1,990.532
-3529.41,7616.1,989.801
-3622.29,7616.1,989.934
-3715.17,7616.1,987.674
-3808.05,7523.22,987.408
-3900.93,7523.22,986.212
-3993.81,7523.22,987.142
-4086.69,7523.22,986.943
-4179.57,7523.22,984.55
-4272.45,7523.22,982.024
-4365.33,7523.22,981.359
-4458.2,7430.34,981.094
-4551.08,7430.34,980.628
-4643.96,7337.46,980.761
-4736.84,7244.58,982.224
-4829.72,7151.7,982.955
-4922.6,7058.82,980.362
-5015.48,6965.94,980.628
-5108.36,6873.07,978.036
-5201.24,6873.07,971.987
-5294.12,6780.19,962.815
-5387,6687.31,962.482
-5479.88,6687.31,958.162
-5387,6780.19,952.313
-5479.88,6780.19,948.059
-5572.76,6780.19,945.467
-5665.63,6873.07,940.747
-5758.51,6965.94,939.551
-5851.39,7058.82,937.158
-5944.27,7151.7,935.031
-6037.15,7244.58,940.282
-6130.03,7337.46,949.322
-6222.91,7430.34,944.935
-6130.03,7430.34,934.765
-6222.91,7523.22,922.801
-6315.79,7616.1,929.581
-6315.79,7708.98,920.74
-6408.67,7801.86,915.556
-6501.55,7894.74,909.973
-6594.43,7987.62,909.973
-6594.43,8080.5,901.066
-6687.31,8173.37,886.31
-6780.19,8266.25,885.778
-6780.19,8359.13,881.458
-6873.07,8452.01,881.192
-6965.94,8544.89,878.533
-6873.07,8637.77,882.255
-6873.07,8730.65,876.738
-6965.94,8823.53,868.031
-6873.07,8916.41,858.659
-6965.94,9009.29,838.652
-7058.82,9102.17,840.779
-7058.82,9195.05,838.851
-7151.7,9287.93,837.256
-7244.58,9380.8,843.371
-7244.58,9473.68,837.123
-7244.58,9566.56,833.135
-7151.7,9659.44,821.836
-7244.58,9752.32,811.799
-7244.58,9845.2,811.666
-7337.46,9938.08,811.799
-7337.46,10031,810.935
-7337.46,10123.8,808.475
-7337.46,10216.7,805.617
-7337.46,10309.6,805.75
-7337.46,10402.5,806.747
-7337.46,10495.4,807.013
-7430.34,10588.2,805.218
-7430.34,10681.1,805.218
-7430.34,10774,805.019
-7523.22,10866.9,807.345
-7616.1,10866.9,808.143
-7708.98,10959.8,810.735
-7801.86,11052.6,810.602
-7894.74,11145.5,811.865
-7987.62,11238.4,815.72
-8080.5,11238.4,817.648
-8173.37,11238.4,822.035
-8266.25,11238.4,826.289
-8359.13,11238.4,832.005
-8452.01,11238.4,839.649
-8544.89,11238.4,840.978
-8637.77,11238.4,838.386
-8730.65,11238.4,834.531
-8823.53,11238.4,830.875
-8916.41,11331.3,826.688
-9009.29,11424.1,824.76
-9102.17,11517,840.314
-9195.05,11609.9,837.456
-9287.93,11702.8,844.169
-9380.8,11795.7,841.444
-9473.68,11888.5,841.643
-9566.56,11981.4,839.716
-9659.44,11981.4,846.695
-9752.32,11981.4,854.604
-9845.2,11981.4,858.061
-9938.08,12074.3,872.086
-9938.08,12167.2,883.518
-10031,12260.1,898.474
-10123.8,12260.1,902.794
-10216.7,12260.1,917.55
-10309.6,12260.1,938.886
-10402.5,12260.1,951.848
-10495.4,12260.1,952.712
-10588.2,12167.2,952.379
-10681.1,12074.3,944.204
-10774,12074.3,962.881
-10866.9,12074.3,972.785
-10959.8,12074.3,972.918
-11052.6,12167.2,985.879
-11145.5,12167.2,983.686
-11238.4,12074.3,985.613
-11331.3,12074.3,995.052
-11424.1,12074.3,996.248
-11517,11981.4,995.783
-11609.9,12074.3,1006.02
-11702.8,12167.2,1003.03
-11795.7,12167.2,1008.15
-11888.5,12074.3,1005.22
-11981.4,12074.3,1010.94
-12074.3,12074.3,1016.26
-12167.2,12074.3,1019.58
-12260.1,11981.4,1025.23
-12352.9,11888.5,1033.87
-12445.8,11795.7,1034.53
-12538.7,11702.8,1031.61
-12631.6,11702.8,1037.13
-12724.5,11702.8,1037.79
-12817.3,11702.8,1036
-12910.2,11795.7,1042.24
-13003.1,11795.7,1040.05
-13096,11795.7,1042.11
-13188.9,11795.7,1044.84
-13281.7,11795.7,1045.83
-13374.6,11795.7,1056.93
-13467.5,11702.8,1065.97
-13560.4,11702.8,1075.01
-13653.3,11702.8,1076.94
-13560.4,11795.7,1094.89
-13653.3,11795.7,1105.19
-13746.1,11795.7,1115.36
-13839,11795.7,1125.4
-13931.9,11795.7,1138.09
-13839,11888.5,1157.5
-13931.9,11888.5,1171.13
-13839,11981.4,1201.17
-13931.9,11981.4,1211.14
-14024.8,11981.4,1221.31
-14117.6,11981.4,1223.9
-14210.5,11981.4,1219.25
-14303.4,12074.3,1233.54
-14396.3,12167.2,1241.45
-14303.4,12167.2,1263.65
-14210.5,12074.3,1270.43
-14117.6,12074.3,1282.59
-14024.8,12074.3,1291.63
-13931.9,12074.3,1305.79
-13839,12167.2,1327.99
-13931.9,12167.2,1354.31
-14024.8,12167.2,1358.37
-14117.6,12260.1,1384.56
-14210.5,12352.9,1394.79
-14303.4,12445.8,1411.74
-14396.3,12538.7,1417.59
-14396.3,12631.6,1423.24
-14396.3,12724.5,1429.56
-14396.3,12817.3,1461.06
-14489.2,12817.3,1478.28
-14582,12817.3,1487.71
-14674.9,12817.3,1494.03
-14767.8,12817.3,1502.47
-14674.9,12910.2,1533.31
-14582,13003.1,1549.6
-14674.9,13003.1,1551.99
-14767.8,12910.2,1551.99
-14860.7,12910.2,1562.09
-14767.8,13003.1,1569.74
-14674.9,13096,1592.54
-14767.8,13096,1593.93
-14860.7,13188.9,1589.34
-14767.8,13281.7,1586.29
-14767.8,13374.6,1574.19
-14860.7,13467.5,1585.49
-14953.6,13560.4,1620.92
-15046.4,13653.3,1655.48
-15139.3,13653.3,1663.99
-15232.2,13746.1,1683.6
-15139.3,13839,1681.8
-15046.4,13931.9,1670.24
-15139.3,13931.9,1664.45
-15046.4,14024.8,1643.52
-14953.6,14117.6,1635.21
-14860.7,14210.5,1618.92
-14860.7,14303.4,1627.36
-14860.7,14396.3,1599.51
-14860.7,14489.2,1650.7
-14860.7,14582,1668.64
-14860.7,14674.9,1710.72
-14953.6,14767.8,1699.75
-14953.6,14860.7,1739.76
-14860.7,14953.6,1761.17
-14767.8,15046.4,1736.31
-14860.7,15139.3,1702.61
-14860.7,15046.4,1679.28
-14953.6,14953.6,1663.06
-15046.4,15046.4,1667.45
-15046.4,15046.4,1667.45
-14953.6,14953.6,1663.06
-14860.7,15046.4,1679.28
-14860.7,15139.3,1702.61
-14767.8,15046.4,1736.31
-14860.7,14953.6,1761.17
-14953.6,14860.7,1739.76
-14953.6,14767.8,1699.75
-14860.7,14674.9,1710.72
-14860.7,14582,1668.64
-14860.7,14489.2,1650.7
-14860.7,14396.3,1599.51
-14860.7,14303.4,1627.36
-14860.7,14210.5,1618.92
-14953.6,14117.6,1635.21
-15046.4,14024.8,1643.52
-15139.3,13931.9,1664.45
-15046.4,13931.9,1670.24
-15139.3,13839,1681.8
-15232.2,13746.1,1683.6
-15139.3,13653.3,1663.99
-15046.4,13653.3,1655.48
-14953.6,13560.4,1620.92
-14860.7,13467.5,1585.49
-14767.8,13374.6,1574.19
-14767.8,13281.7,1586.29
-14860.7,13188.9,1589.34
-14767.8,13096,1593.93
-14674.9,13096,1592.54
-14767.8,13003.1,1569.74
-14860.7,12910.2,1562.09
-14767.8,12910.2,1551.99
-14674.9,13003.1,1551.99
-14582,13003.1,1549.6
-14674.9,12910.2,1533.31
-14767.8,12817.3,1502.47
-14674.9,12817.3,1494.03
-14582,12817.3,1487.71
-14489.2,12817.3,1478.28
-14396.3,12817.3,1461.06
-14396.3,12724.5,1429.56
-14396.3,12631.6,1423.24
-14396.3,12538.7,1417.59
-14303.4,12445.8,1411.74
-14210.5,12352.9,1394.79
-14117.6,12260.1,1384.56
-14024.8,12167.2,1358.37
-13931.9,12167.2,1354.31
-13839,12167.2,1327.99
-13931.9,12074.3,1305.79
-14024.8,12074.3,1291.63
-14117.6,12074.3,1282.59
-14210.5,12074.3,1270.43
-14303.4,12167.2,1263.65
-14396.3,12167.2,1241.45
-14303.4,12074.3,1233.54
-14210.5,11981.4,1219.25
-14117.6,11981.4,1223.9
-14024.8,11981.4,1221.31
-13931.9,11981.4,1211.14
-13839,11981.4,1201.17
-13931.9,11888.5,1171.13
-13839,11888.5,1157.5
-13931.9,11795.7,1138.09
-13839,11795.7,1125.4
-13746.1,11795.7,1115.36
-13653.3,11795.7,1105.19
-13560.4,11795.7,1094.89
-13653.3,11702.8,1076.94
-13560.4,11702.8,1075.01
-13467.5,11702.8,1065.97
-13374.6,11795.7,1056.93
-13281.7,11795.7,1045.83
-13188.9,11795.7,1044.84
-13096,11795.7,1042.11
-13003.1,11795.7,1040.05
-12910.2,11795.7,1042.24
-12817.3,11702.8,1036
-12724.5,11702.8,1037.79
-12631.6,11702.8,1037.13
-12538.7,11702.8,1031.61
-12445.8,11795.7,1034.53
-12352.9,11888.5,1033.87
-12260.1,11981.4,1025.23
-12167.2,12074.3,1019.58
-12074.3,12074.3,1016.26
-11981.4,12074.3,1010.94
-11888.5,12074.3,1005.22
-11795.7,12167.2,1008.15
-11702.8,12167.2,1003.03
-11609.9,12074.3,1006.02
-11517,11981.4,995.783
-11424.1,12074.3,996.248
-11331.3,12074.3,995.052
-11238.4,12074.3,985.613
-11145.5,12167.2,983.686
-11052.6,12167.2,985.879
-10959.8,12074.3,972.918
-10866.9,12074.3,972.785
-10774,12074.3,962.881
-10681.1,12074.3,944.204
-10588.2,12167.2,952.379
-10495.4,12260.1,952.712
-10402.5,12260.1,951.848
-10309.6,12260.1,938.886
-10216.7,12260.1,917.55
-10123.8,12260.1,902.794
-10031,12260.1,898.474
-9938.08,12167.2,883.518
-9938.08,12074.3,872.086
-9845.2,11981.4,858.061
-9752.32,11981.4,854.604
-9659.44,11981.4,846.695
-9566.56,11981.4,839.716
-9473.68,11888.5,841.643
-9380.8,11795.7,841.444
-9287.93,11702.8,844.169
-9195.05,11609.9,837.456
-9102.17,11517,840.314
-9009.29,11424.1,824.76
-8916.41,11331.3,826.688
-8823.53,11238.4,830.875
-8730.65,11238.4,834.531
-8637.77,11238.4,838.386
-8544.89,11238.4,840.978
-8452.01,11238.4,839.649
-8359.13,11238.4,832.005
-8266.25,11238.4,826.289
-8173.37,11238.4,822.035
-8080.5,11238.4,817.648
-7987.62,11238.4,815.72
-7894.74,11145.5,811.865
-7801.86,11052.6,810.602
-7708.98,10959.8,810.735
-7616.1,10866.9,808.143
-7523.22,10866.9,807.345
-7430.34,10774,805.019
-7430.34,10681.1,805.218
-7430.34,10588.2,805.218
-7337.46,10495.4,807.013
-7337.46,10402.5,806.747
-7337.46,10309.6,805.75
-7337.46,10216.7,805.617
-7337.46,10123.8,808.475
-7337.46,10031,810.935
-7337.46,9938.08,811.799
-7244.58,9845.2,811.666
-7244.58,9752.32,811.799
-7151.7,9659.44,821.836
-7244.58,9566.56,833.135
-7244.58,9473.68,837.123
-7244.58,9380.8,843.371
-7151.7,9287.93,837.256
-7058.82,9195.05,838.851
-7058.82,9102.17,840.779
-6965.94,9009.29,838.652
-6873.07,8916.41,858.659
-6965.94,8823.53,868.031
-6873.07,8730.65,876.738
-6873.07,8637.77,882.255
-6965.94,8544.89,878.533
-6873.07,8452.01,881.192
-6780.19,8359.13,881.458
-6780.19,8266.25,885.778
-6687.31,8173.37,886.31
-6594.43,8080.5,901.066
-6594.43,7987.62,909.973
-6501.55,7894.74,909.973
-6408.67,7801.86,915.556
-6315.79,7708.98,920.74
-6315.79,7616.1,929.581
-6222.91,7523.22,922.801
-6130.03,7430.34,934.765
-6222.91,7430.34,944.935
-6130.03,7337.46,949.322
-6037.15,7244.58,940.282
-5944.27,7151.7,935.031
-5851.39,7058.82,937.158
-5758.51,6965.94,939.551
-5665.63,6873.07,940.747
-5572.76,6780.19,945.467
-5479.88,6780.19,948.059
-5387,6780.19,952.313
-5479.88,6687.31,958.162
-5387,6687.31,962.482
-5294.12,6780.19,962.815
-5201.24,6873.07,971.987
-5108.36,6873.07,978.036
-5015.48,6965.94,980.628
-4922.6,7058.82,980.362
-4829.72,7151.7,982.955
-4736.84,7244.58,982.224
-4643.96,7337.46,980.761
-4551.08,7430.34,980.628
-4458.2,7430.34,981.094
-4365.33,7523.22,981.359
-4272.45,7523.22,982.024
-4179.57,7523.22,984.55
-4086.69,7523.22,986.943
-3993.81,7523.22,987.142
-3900.93,7523.22,986.212
-3808.05,7523.22,987.408
-3715.17,7616.1,987.674
-3622.29,7616.1,989.934
-3529.41,7616.1,989.801
-3436.53,7616.1,990.532
-3343.65,7616.1,991.197
-3250.77,7616.1,992.659
-3157.89,7708.98,993.789
-3065.02,7708.98,994.454
-2972.14,7708.98,995.916
-2879.26,7801.86,997.312
-2786.38,7801.86,998.641
-2693.5,7894.74,1000.97
-2600.62,7987.62,1001.1
-2507.74,8080.5,1001.03
-2414.86,8173.37,1001.7
-2321.98,8173.37,1002.9
-2229.1,8266.25,1004.16
-2136.22,8359.13,1005.95
-2043.34,8452.01,1009.01
-1950.46,8544.89,1008.94
-1857.59,8544.89,1012.67
-1764.71,8637.77,1013.93
-1671.83,8637.77,1014.39
-1578.95,8730.65,1014.46
-1486.07,8823.53,1015.92
-1393.19,8916.41,1018.05
-1300.31,9009.29,1017.92
-1207.43,9102.17,1018.38
-1114.55,9195.05,1019.58
-1021.67,9287.93,1020.64
-928.793,9380.8,1021.97
-835.913,9380.8,1022.24
-743.034,9380.8,1023.1
-650.155,9380.8,1022.97
-557.276,9380.8,1023.37
-464.396,9380.8,1024.9
-371.517,9380.8,1026.23
-278.638,9473.68,1026.89
-185.759,9473.68,1027.16
-92.8793,9566.56,1029.35
3.63798e-12,9659.44,1033.14
92.8793,9752.32,1033.54
185.759,9845.2,1035.2
278.638,9938.08,1034.93
371.517,10031,1034.27
464.396,10123.8,1037.72
557.276,10216.7,1038.26
650.155,10309.6,1038.39
743.034,10402.5,1040.72
835.913,10495.4,1040.92
928.793,10588.2,1042.38
1021.67,10681.1,1042.11
1114.55,10774,1044.7
1207.43,10866.9,1046.83
1300.31,10959.8,1049.36
1393.19,11052.6,1050.82
1486.07,11145.5,1051.35
1578.95,11238.4,1054.01
1671.83,11331.3,1056
1764.71,11424.1,1058.46
1857.59,11517,1060.92
1950.46,11609.9,1064.58
2043.34,11702.8,1066.9
2136.22,11795.7,1068.3
2229.1,11888.5,1070.76
2321.98,11981.4,1074.95
2414.86,12074.3,1077.67
2507.74,12167.2,1081.73
2600.62,12260.1,1085.78
2693.5,12260.1,1088.71
2786.38,12260.1,1091.5
2879.26,12260.1,1095.02
2972.14,12352.9,1101.2
2972.14,12445.8,1105.39
2972.14,12538.7,1109.58
3065.02,12538.7,1113.37
2972.14,12631.6,1119.35
3065.02,12631.6,1122.74
3065.02,12724.5,1127.72
3157.89,12817.3,1135.03
3250.77,12817.3,1140.55
3250.77,12910.2,1146.93
3343.65,12817.3,1153.31
3343.65,12910.2,1159.43
3250.77,13003.1,1171.53
3343.65,13003.1,1180.43
3436.53,13003.1,1194.46
3529.41,12910.2,1196.05
3436.53,12817.3,1206.02
3529.41,12724.5,1223.7
3529.41,12817.3,1242.31
3622.29,12910.2,1244.57
3715.17,13003.1,1270.96
3808.05,12910.2,1305.92
3715.17,12817.3,1346.14
3808.05,12817.3,1360.83
3900.93,12817.3,1361.09
3993.81,12724.5,1353.52
4086.69,12631.6,1388.15
4179.57,12538.7,1430.69
4272.45,12445.8,1438.59
4365.33,12352.9,1476.22
4272.45,12260.1,1486.05
4365.33,12260.1,1494.1
4272.45,12167.2,1519.49
4365.33,12167.2,1533.11
4458.2,12167.2,1537.9
4365.33,12074.3,1559.1
4458.2,12074.3,1565.02
4365.33,11981.4,1578.44
4272.45,11888.5,1580.17
4365.33,11888.5,1591.8
4272.45,11795.7,1595.73
4365.33,11795.7,1604.9
4458.2,11888.5,1610.55
4551.08,11888.5,1618.13
4643.96,11981.4,1625.11
4643.96,11888.5,1631.22
4551.08,11795.7,1642.12
4458.2,11702.8,1650.83
4551.08,11702.8,1657.08
4643.96,11702.8,1663.72
4551.08,11609.9,1675.36
4643.96,11609.9,1682.93
4551.08,11517,1695.16
4643.96,11517,1701.28
4551.08,11424.1,1709.32
4643.96,11424.1,1714.64
4551.08,11331.3,1723.88
4458.2,11238.4,1730.19
4551.08,11238.4,1735.18
4458.2,11145.5,1744.28
4551.08,11145.5,1750.33
4643.96,11145.5,1754.59
4736.84,11145.5,1765.35
4643.96,11052.6,1772.8
4736.84,11052.6,1776.05
4829.72,11052.6,1778.51
4922.6,11145.5,1785.09
4922.6,11052.6,1791.21
4829.72,10959.8,1795.66
4736.84,10866.9,1801.98
4643.96,10866.9,1804.9
4736.84,10774,1811.22
4643.96,10774,1817.26
4551.08,10774,1821.19
4458.2,10681.1,1826.77
4551.08,10681.1,1829.63
4643.96,10588.2,1833.48
4551.08,10588.2,1837.07
4458.2,10495.4,1843.92
4551.08,10402.5,1851.36
4458.2,10309.6,1858.21
4551.08,10309.6,1861.67
4458.2,10216.7,1866.19
4551.08,10216.7,1873.63
4458.2,10123.8,1876.22
4458.2,10031,1881.47
4458.2,9938.08,1888.52
4551.08,10031,1893.77
4643.96,10031,1900.95
4736.84,10031,1907.6
4643.96,9938.08,1911.78
4643.96,9845.2,1916.63
4736.84,9845.2,1921.62
4736.84,9752.32,1925.87
4829.72,9659.44,1930.99
4922.6,9752.32,1938.3
5015.48,9845.2,1944.42
5108.36,9938.08,1949.2
5201.24,9845.2,1956.52
5201.24,9752.32,1960.04
5294.12,9659.44,1966.95
5294.12,9566.56,1970.47
5294.12,9473.68,1974.06
5387,9566.56,1979.05
5387,9473.68,1985.16
5387,9380.8,1988.69
5479.88,9473.68,1992.48
5479.88,9380.8,1997.26
5572.76,9380.8,2003.24
5665.63,9380.8,2006.37
5758.51,9380.8,2013.88
5665.63,9287.93,2020.39
5758.51,9195.05,2027.84
5851.39,9195.05,2030.69
5944.27,9195.05,2036.01
5944.27,9102.17,2041.79
5944.27,9009.29,2046.12
6037.15,9102.17,2052.43
6130.03,9009.29,2059.01
6222.91,8916.41,2066.06
6315.79,8916.41,2070.11
6222.91,8823.53,2076.16
6315.79,8823.53,2081.74
6408.67,8823.53,2086.66
6315.79,8730.65,2091.18
6408.67,8637.77,2099.16
6315.79,8544.89,2106.07
6408.67,8544.89,2109.79
6315.79,8452.01,2113.65
6408.67,8452.01,2116.84
6315.79,8359.13,2121.96
6408.67,8266.25,2127.67
6501.55,8173.37,2134.32
6501.55,8080.5,2139.77
6501.55,7987.62,2144.75
6501.55,7894.74,2149.81
6408.67,7894.74,2154.06
6315.79,7894.74,2158.11
6222.91,7801.86,2164.43
6130.03,7801.86,2169.15
6037.15,7801.86,2172.54
6130.03,7708.98,2178.05
6037.15,7708.98,2182.38
6037.15,7616.1,2187.49
5944.27,7616.1,2192.54
5851.39,7616.1,2197.73
5758.51,7523.22,2202.45
5665.63,7430.34,2208.56
5758.51,7337.46,2214.28
5758.51,7244.58,2219.27
5665.63,7244.58,2222.19
5572.76,7151.7,2229.5
5665.63,7058.82,2235.15
5758.51,6965.94,2240.27
5665.63,6965.94,2243.26
5758.51,6873.07,2249.44
5665.63,6873.07,2251.3
5758.51,6780.19,2257.35
5665.63,6780.19,2261.21
5758.51,6687.31,2267.79
5851.39,6594.43,2271.64
5944.27,6594.43,2274.03
5851.39,6501.55,2279.75
5758.51,6501.55,2284.54
5851.39,6408.67,2288.99
5758.51,6408.67,2292.65
5665.63,6408.67,2296.63
5758.51,6315.79,2301.75
5851.39,6222.91,2307.14
5758.51,6222.91,2311.59
5851.39,6130.03,2316.38
5758.51,6130.03,2319.03
5665.63,6130.03,2324.02
5572.76,6037.15,2329.34
5665.63,6037.15,2334.65
5758.51,5944.27,2341.57
5665.63,5944.27,2351.87
5572.76,5944.27,2358.12
5665.63,5851.39,2371.54
5758.51,5758.51,2381.12
5665.63,5758.51,2395.61
5758.51,5665.63,2405.31
5665.63,5665.63,2412.42
5572.76,5665.63,2418.14
5479.88,5758.51,2425.38
5387,5665.63,2431.17
5387,5758.51,2438.34
5294.12,5665.63,2444.99
5294.12,5758.51,2449.71
5201.24,5665.63,2463.27
5201.24,5572.76,2465.4
5201.24,5479.88,2469.52
5201.24,5387,2482.81
5108.36,5479.88,2501.36
5015.48,5572.76,2517.64
5015.48,5479.88,2530.87
4922.6,5572.76,2545.56
4922.6,5479.88,2557.79
4922.6,5387,2576.6
4829.72,5479.88,2584.91
4829.72,5387,2597.34
4922.6,5294.12,2615.02
5015.48,5201.24,2633.23
5108.36,5108.36,2652.24
5201.24,5015.48,2652.57
5201.24,4922.6,2668.86
5201.24,4829.72,2685.74
5108.36,4922.6,2704.42
5015.48,5015.48,2714.59
4922.6,5015.48,2721.83
4829.72,4922.6,2730.21
4922.6,4922.6,2736.59
4829.72,4829.72,2741.11
4736.84,4736.84,2750.35
4643.96,4736.84,2754.4
4736.84,4643.96,2760.18
4829.72,4643.96,2763.31
4829.72,4551.08,2770.82
4922.6,4551.08,2777.86
4829.72,4458.2,2782.52
4922.6,4458.2,2785.77
5015.48,4458.2,2792.62
4922.6,4365.33,2796.87
5015.48,4365.33,2802.13
5108.36,4365.33,2807.11
5015.48,4272.45,2809.9
5108.36,4272.45,2817.95
5015.48,4179.57,2831.84
4922.6,4179.57,2838.42
4829.72,4179.57,2842.01
4736.84,4179.57,2849.38
4643.96,4179.57,2859.95
4736.84,4086.69,2873.11
4643.96,4086.69,2879.89
4551.08,4086.69,2886.74
4643.96,3993.81,2896.24
4551.08,3993.81,2903.56
4458.2,3993.81,2910.8
4551.08,3900.93,2921.44
4551.08,3808.05,2927.29
4551.08,3715.17,2933.2
4551.08,3622.29,2936.59
4643.96,3529.41,2944.7
4736.84,3436.53,2951.68
4829.72,3436.53,2954.6
4736.84,3343.65,2960.12
4643.96,3250.77,2966.83
4551.08,3250.77,2971.69
4643.96,3157.89,2982.12
4551.08,3157.89,2986.18
4458.2,3157.89,2994.62
4365.33,3157.89,3002.46
4272.45,3250.77,3007.31
4179.57,3343.65,3019.34
4086.69,3436.53,3027.12
3993.81,3529.41,3040.55
3993.81,3436.53,3050.38
3993.81,3343.65,3057.5
3993.81,3250.77,3063.41
3993.81,3157.89,3068.86
3993.81,3065.02,3073.78
3900.93,3157.89,3083.82
3900.93,3065.02,3088.8
3808.05,3157.89,3098.91
3808.05,3065.02,3104.02
3715.17,3157.89,3114.59
3715.17,3065.02,3119.18
3808.05,2972.14,3121.77
3715.17,2972.14,3130.88
3808.05,2879.26,3138.85
3715.17,2879.26,3143.71
3622.29,2879.26,3149.56
3715.17,2786.38,3156.6
3622.29,2786.38,3159.73
3529.41,2786.38,3162.78
3436.53,2786.38,3169.76
3343.65,2879.26,3171.69
3343.65,2972.14,3173.75
3343.65,3065.02,3177.21
3250.77,2972.14,3189.1
3250.77,3065.02,3193.16
3157.89,2972.14,3203.59
3157.89,3065.02,3209.71
3065.02,2972.14,3223.14
3065.02,3065.02,3224.66
3065.02,3157.89,3230.11
2972.14,3157.89,3234.37
2972.14,3065.02,3241.28
2879.26,3157.89,3248.33
2879.26,3250.77,3251.58
2972.14,3343.65,3255.71
2879.26,3343.65,3260.49
2879.26,3436.53,3265.21
2972.14,3436.53,3269.2
2879.26,3529.41,3276.71
2786.38,3529.41,3283.49
2879.26,3622.29,3291.73
2972.14,3622.29,3294.32
3065.02,3622.29,3297.18
3157.89,3715.17,3307.88
3250.77,3808.05,3319.45
3157.89,3808.05,3330.28
3065.02,3808.05,3334
2972.14,3808.05,3337.46
3065.02,3900.93,3353.41
2972.14,3900.93,3359.6
2879.26,3900.93,3370.23
2972.14,3993.81,3381.06
2879.26,3993.81,3389.11
2972.14,4086.69,3406.26
2879.26,4179.57,3420.41
2786.38,4086.69,3423.74
2786.38,4179.57,3431.91
2693.5,4272.45,3445.07
2693.5,4179.57,3452.98
2600.62,4272.45,3461.23
2507.74,4365.33,3464.15
2414.86,4458.2,3467.67
2321.98,4551.08,3481.76
2321.98,4643.96,3486.02
2229.1,4551.08,3498.98
2229.1,4458.2,3503.1
2229.1,4365.33,3510.61
2136.22,4458.2,3519.72
2136.22,4365.33,3524.77
2136.22,4272.45,3530.55
2043.34,4365.33,3536.4
2043.34,4272.45,3539.59
2043.34,4179.57,3543.58
1950.46,4179.57,3548.3
1950.46,4086.69,3552.89
1857.59,3993.81,3559
1950.46,3900.93,3571.63
1857.59,3900.93,3574.09
1764.71,3900.93,3578.94
1857.59,3808.05,3597.02
1764.71,3808.05,3600.01
1671.83,3808.05,3599.21
1578.95,3808.05,3600.88
1486.07,3808.05,3603.87
1578.95,3715.17,3633.11
1486.07,3715.17,3644.21
1393.19,3622.29,3670.33
1300.31,3529.41,3712.81
1393.19,3529.41,3733.55
1486.07,3529.41,3755.41
1578.95,3529.41,3784.06
1486.07,3436.53,3814.97
1578.95,3436.53,3838.17
1486.07,3343.65,3874.53
1393.19,3343.65,3880.37
1300.31,3343.65,3875.92
1207.43,3343.65,3860.17
1114.55,3250.77,3897.32
1021.67,3157.89,3929.96
928.793,3157.89,3914.21
835.913,3065.02,3904.83
835.913,2972.14,3897.12
928.793,2879.26,3917.86
1021.67,2786.38,3948.97
1021.67,2693.5,3944.32
1021.67,2600.62,3960.93
928.793,2507.74,3978.81
835.913,2414.86,3995.03
928.793,2414.86,4003.54
835.913,2321.98,4023.08
743.034,2321.98,4019.29
650.155,2321.98,4042.42
557.276,2321.98,4070.14
464.396,2229.1,4063.43
464.396,2136.22,4101.65
464.396,2043.34,4112.35
464.396,1950.46,4114.87
464.396,1857.59,4124.84
371.517,1764.71,4115.14
371.517,1671.83,4131.62
278.638,1578.95,4133.42
185.759,1486.07,4148.18
92.8793,1393.19,4159.74
92.8793,1300.31,4176.49
185.759,1393.19,4182.27
278.638,1393.19,4197.83
371.517,1393.19,4215.31
464.396,1486.07,4221.36
464.396,1393.19,4237.44
371.517,1300.31,4242.89
464.396,1300.31,4259.51
557.276,1393.19,4265.49
557.276,1300.31,4280.11
464.396,1207.43,4290.55
557.276,1207.43,4301.38
650.155,1300.31,4304.38
650.155,1207.43,4311.02
557.276,1114.55,4323.58
650.155,1114.55,4328.84
650.155,1021.67,4350.37
650.155,928.793,4350.11
557.276,835.913,4368.78
557.276,743.034,4386.4
650.155,650.155,4387.06
650.155,557.276,4418.5
557.276,650.155,4446.82
464.396,743.034,4461.64
371.517,835.913,4484.9
371.517,743.034,4493.68
278.638,743.034,4498
185.759,743.034,4507.24
278.638,650.155,4522.26
371.517,557.276,4527.71
464.396,464.396,4531.5
371.517,464.396,4548.98
464.396,371.517,4554.03
464.396,278.638,4557.15
371.517,371.517,4577.96
278.638,464.396,4583.61
185.759,557.276,4582.21
92.8793,557.276,4584.74
3.63798e-12,464.396,4615.05
92.8793,464.396,4634.59
185.759,371.517,4669.88
278.638,278.638,4689.89
278.638,185.759,4708.64
278.638,92.8793,4711.36
278.638,3.63798e-12,4737.15
185.759,-92.8793,4756.09
92.8793,3.63798e-12,4760.95
3.63798e-12,3.63798e-12,4737.15
3.63798e-12,3.63798e-12,4737.15
92.8793,3.63798e-12,4760.95
185.759,-92.8793,4756.09
278.638,3.63798e-12,4737.15
278.638,92.8793,4711.36
278.638,185.759,4708.64
278.638,278.638,4689.89
185.759,371.517,4669.88
92.8793,464.396,4634.59
3.63798e-12,464.396,4615.05
92.8793,557.276,4584.74
185.759,557.276,4582.21
278.638,464.396,4583.61
371.517,371.517,4577.96
464.396,278.638,4557.15
464.396,371.517,4554.03
371.517,464.396,4548.98
278.638,557.276,4551.44
185.759,650.155,4545.85
92.8793,743.034,4522.79
3.63798e-12,650.155,4520.53
3.63798e-12,743.034,4497.93
-92.8793,650.155,4478.79
-185.759,557.276,4484.37
-278.638,557.276,4456.19
-371.517,557.276,4422.09
-464.396,557.276,4406.6
-557.276,557.276,4420.7
-650.155,650.155,4390.58
-743.034,743.034,4379.42
-835.913,835.913,4358.08
-928.793,928.793,4334.95
-1021.67,928.793,4342.2
-1114.55,835.913,4315.21
-1114.55,928.793,4308.16
-1021.67,1021.67,4301.92
-1114.55,1021.67,4297.99
-1207.43,928.793,4289.02
-1207.43,1021.67,4284.77
-1300.31,1114.55,4276.53
-1393.19,1114.55,4274.86
-1486.07,1021.67,4262.57
-1578.95,1021.67,4264.83
-1671.83,1021.67,4260.24
-1764.71,1021.67,4252.66
-1857.59,1114.55,4242.63
-1857.59,1021.67,4232.19
-1950.46,928.793,4193.91
-2043.34,928.793,4177.89
-2136.22,835.913,4161.67
-2043.34,835.913,4144.25
-2136.22,743.034,4131.96
-2229.1,650.155,4111.68
-2136.22,650.155,4082.04
-2229.1,557.276,4048.74
-2136.22,557.276,4026.6
-2229.1,464.396,3991.18
-2321.98,557.276,3977.09
-2414.86,557.276,3949.1
-2507.74,557.276,3938.4
-2600.62,557.276,3930.09
-2693.5,557.276,3933.75
-2786.38,650.155,3907.03
-2786.38,557.276,3886.22
-2693.5,464.396,3870.6
-2786.38,371.517,3835.24
-2786.38,278.638,3818.09
-2786.38,185.759,3810.78
-2786.38,92.8793,3811.05
-2879.26,3.63798e-12,3792.77
-2879.26,92.8793,3784.26
-2879.26,185.759,3766.38
-2879.26,278.638,3771.5
-2879.26,371.517,3773.29
-2972.14,464.396,3760.4
-3065.02,464.396,3744.38
-2972.14,371.517,3732.08
-3065.02,371.517,3708.69
-2972.14,278.638,3704.5
-2972.14,185.759,3694.26
-3065.02,278.638,3677.91
-3157.89,278.638,3672.26
-3065.02,185.759,3654.98
-3065.02,92.8793,3646.41
-3157.89,185.759,3627.93
-3250.77,185.759,3633.05
-3343.65,92.8793,3606.33
-3436.53,3.63798e-12,3583.13
-3529.41,-92.8793,3591.17
-3622.29,-185.759,3574.95
-3715.17,-278.638,3561.46
-3808.05,-371.517,3581.87
-3900.93,-278.638,3547.9
-3900.93,-371.517,3551.49
-3808.05,-464.396,3520.51
-3900.93,-464.396,3510.08
-3900.93,-557.276,3475.58
-3808.05,-557.276,3458.37
-3900.93,-650.155,3413.7
-3993.81,-650.155,3403.4
-4086.69,-743.034,3371.69
-4086.69,-835.913,3360.06
-4179.57,-928.793,3357.4
-4179.57,-1021.67,3358.66
-4272.45,-1114.55,3340.39
-4365.33,-1207.43,3323.1
-4272.45,-1300.31,3358.53
-4272.45,-1393.19,3355.87
-4272.45,-1486.07,3370.23
-4272.45,-1578.95,3383.26
-4272.45,-1671.83,3394.36
-4272.45,-1764.71,3383.06
-4272.45,-1857.59,3346.17
-4365.33,-1950.46,3383.19
-4365.33,-2043.34,3365.31
-4365.33,-2136.22,3361.59
-4458.2,-2229.1,3355.54
-4365.33,-2321.98,3350.42
-4458.2,-2321.98,3343.58
-4551.08,-2321.98,3336.73
-4643.96,-2321.98,3335.87
-4551.08,-2414.86,3327.03
-4643.96,-2414.86,3322.57
-4551.08,-2507.74,3318.58
-4551.08,-2600.62,3311.74
-4551.08,-2693.5,3308.22
-4643.96,-2600.62,3302.63
-4643.96,-2693.5,3296.25
-4643.96,-2786.38,3291.4
-4736.84,-2693.5,3283.82
-4829.72,-2693.5,3277.37
-4736.84,-2786.38,3272.46
-4736.84,-2879.26,3264.48
-4829.72,-2786.38,3259.83
-4922.6,-2786.38,3252.18
-5015.48,-2786.38,3247
-4922.6,-2879.26,3232.97
-5015.48,-2879.26,3216.82
-5108.36,-2879.26,3204.92
-5015.48,-2972.14,3199.01
-4922.6,-3065.02,3193.09
-4922.6,-3157.89,3181.39
-5015.48,-3065.02,3172.55
-5015.48,-3157.89,3159.13
-5108.36,-3065.02,3157.66
-5201.24,-3065.02,3147.1
-5108.36,-3157.89,3139.85
-5108.36,-3250.77,3130.94
-5108.36,-3343.65,3123.03
-5201.24,-3250.77,3107.02
-5294.12,-3157.89,3106.48
-5387,-3157.89,3098.84
-5294.12,-3250.77,3084.15
-5387,-3250.77,3069.2
-5294.12,-3343.65,3064.94
-5294.12,-3436.53,3047.86
-5387,-3343.65,3046.13
-5479.88,-3343.65,3042.87
-5387,-3436.53,3022.34
-5479.88,-3436.53,3011.5
-5572.76,-3436.53,3012.5
-5665.63,-3529.41,2999.4
-5572.76,-3529.41,2990.36
-5665.63,-3622.29,2976.54
-5572.76,-3622.29,2969.03
-5665.63,-3715.17,2953.94
-5758.51,-3808.05,2942.77
-5665.63,-3808.05,2935.06
-5572.76,-3808.05,2926.95
-5479.88,-3808.05,2923.5
-5387,-3900.93,2918.84
-5387,-3993.81,2917.91
-5479.88,-3900.93,2910.93
-5479.88,-3993.81,2906.28
-5479.88,-4086.69,2898.64
-5479.88,-4179.57,2895.78
-5572.76,-4086.69,2890.66
-5572.76,-4179.57,2885.01
-5572.76,-4272.45,2880.62
-5665.63,-4179.57,2875.57
-5665.63,-4272.45,2868.66
-5665.63,-4365.33,2859.49
-5665.63,-4458.2,2851.25
-5758.51,-4365.33,2844
-5851.39,-4272.45,2834.16
-5851.39,-4365.33,2826.85
-5944.27,-4272.45,2817.88
-5944.27,-4365.33,2810.63
-5944.27,-4458.2,2802.06
-5944.27,-4551.08,2792.89
-6037.15,-4458.2,2784.11
-6037.15,-4551.08,2772.81
-6037.15,-4643.96,2761.05
-6130.03,-4551.08,2751.74
-6130.03,-4643.96,2744.5
-6130.03,-4736.84,2734.39
-6222.91,-4643.96,2727.48
-6222.91,-4736.84,2722.1
-6222.91,-4829.72,2715.65
-6222.91,-4922.6,2706.61
-6130.03,-5015.48,2699.7
-6222.91,-5015.48,2692.59
-6130.03,-5108.36,2688
-6130.03,-5201.24,2683.75
-6222.91,-5108.36,2678.49
-6222.91,-5201.24,2671.45
-6315.79,-5108.36,2669.52
-6408.67,-5015.48,2663.61
-6408.67,-5108.36,2656.29
-6408.67,-5201.24,2640.94
-6501.55,-5108.36,2631.17
-6501.55,-5201.24,2624.06
-6501.55,-5294.12,2617.28
-6594.43,-5201.24,2600.19
-6594.43,-5294.12,2595.14
-6594.43,-5387,2580.32
-6687.31,-5294.12,2565.56
-6687.31,-5387,2560.18
-6687.31,-5479.88,2550.61
-6780.19,-5387,2539.18
-6780.19,-5479.88,2535.52
-6687.31,-5572.76,2534.59
-6594.43,-5665.63,2529.41
-6687.31,-5665.63,2520.83
-6780.19,-5665.63,2516.25
-6687.31,-5758.51,2509.8
-6780.19,-5758.51,2505.15
-6873.07,-5758.51,2500.03
-6965.94,-5851.39,2492.32
-7058.82,-5944.27,2485.14
-7151.7,-5851.39,2479.16
-7151.7,-5944.27,2477.1
-7244.58,-6037.15,2470.38
-7337.46,-6037.15,2467.72
-7430.34,-6130.03,2482.35
-7523.22,-6130.03,2480.15
-7616.1,-6130.03,2481.75
-7708.98,-6130.03,2487.6
-7801.86,-6130.03,2490.19
-7894.74,-6130.03,2490.59
-7987.62,-6130.03,2490.85
-8080.5,-6130.03,2492.85
-8173.37,-6130.03,2501.22
-8266.25,-6130.03,2498.5
-8359.13,-6130.03,2507.14
-8452.01,-6130.03,2531.53
-8544.89,-6130.03,2537.45
-8637.77,-6130.03,2542.9
-8730.65,-6037.15,2578.59
-8823.53,-6037.15,2565.17
-8916.41,-6037.15,2568.82
-9009.29,-6037.15,2594.01
-9009.29,-6130.03,2603.25
-9009.29,-6222.91,2568.42
-9009.29,-6315.79,2544.96
-9009.29,-6408.67,2566.36
-9009.29,-6501.55,2579.99
-9102.17,-6594.43,2544.96
-9195.05,-6687.31,2506.47
-9287.93,-6780.19,2491.12
-9380.8,-6780.19,2476.1
-9473.68,-6873.07,2480.62
-9566.56,-6873.07,2460.55
-9473.68,-6965.94,2455.23
-9566.56,-6965.94,2441.73
-9659.44,-6873.07,2443.66
-9752.32,-6873.07,2435.82
-9845.2,-6873.07,2436.55
-9938.08,-6873.07,2429.64
-9845.2,-6965.94,2422.86
-9938.08,-7058.82,2415.35
-9938.08,-7151.7,2413.95
-9845.2,-7058.82,2406.17
-9752.32,-7058.82,2393.68
-9845.2,-7151.7,2385.37
-9938.08,-7244.58,2382.98
-10031,-7337.46,2371.94
-10123.8,-7430.34,2361.11
-10216.7,-7523.22,2346.75
-10309.6,-7523.22,2331.46
-10402.5,-7430.34,2327.41
-10402.5,-7523.22,2319.9
-10495.4,-7616.1,2314.98
-10495.4,-7708.98,2306.74
-10402.5,-7616.1,2292.51
-10309.6,-7616.1,2294.04
-10216.7,-7616.1,2295.17
-10123.8,-7616.1,2277.56
-10216.7,-7708.98,2266.86
-10309.6,-7708.98,2258.75
-10309.6,-7801.86,2250.11
-10216.7,-7801.86,2246.92
-10123.8,-7708.98,2250.04
-10031,-7616.1,2243.99
-9938.08,-7523.22,2251.64
-9845.2,-7616.1,2239.74
-9845.2,-7708.98,2237.01
-9752.32,-7801.86,2232.96
-9752.32,-7894.74,2224.85
-9752.32,-7987.62,2234.42
-9845.2,-8080.5,2228.3
-9938.08,-8173.37,2229.3
-10031,-8266.25,2224.91
-10031,-8359.13,2226.84
-10123.8,-8452.01,2217.34
-10216.7,-8452.01,2212.15
-10309.6,-8452.01,2207.83
-10402.5,-8544.89,2208.96
-10402.5,-8637.77,2209.36
-10402.5,-8730.65,2209.76
-10402.5,-8823.53,2208.16
-10402.5,-8916.41,2214.48
-10402.5,-9009.29,2209.83
-10402.5,-9102.17,2207.57
-10402.5,-9195.05,2231.63
-10495.4,-9287.93,2215.28
-10588.2,-9380.8,2208.96
-10681.1,-9473.68,2202.91
-10774,-9566.56,2202.65
-10866.9,-9659.44,2206.04
-10959.8,-9752.32,2206.04
-11052.6,-9845.2,2214.94
-10959.8,-9845.2,2240.73
-11052.6,-9938.08,2250.17
-11145.5,-10031,2264.13
-11238.4,-10123.8,2273.44
-11331.3,-10123.8,2275.16
-11424.1,-10216.7,2290.05
-11424.1,-10309.6,2303.88
-11424.1,-10402.5,2302.22
-11424.1,-10495.4,2309.86
-11517,-10588.2,2308.73
-11609.9,-10588.2,2298.36
-11702.8,-10588.2,2300.36
-11795.7,-10588.2,2293.64
-11888.5,-10588.2,2311.26
-11981.4,-10588.2,2307.93
-12074.3,-10681.1,2321.63
-12167.2,-10681.1,2318.97
-12260.1,-10774,2332.79
-12167.2,-10866.9,2326.88
-12167.2,-10959.8,2330.53
-12167.2,-11052.6,2348.81
-12167.2,-11145.5,2353.4
-12167.2,-11238.4,2362.9
-12167.2,-11331.3,2366.96
-12074.3,-11424.1,2387.43
-11981.4,-11517,2398.4
-11888.5,-11609.9,2421.79
-11795.7,-11702.8,2424.92
-11702.8,-11795.7,2435.49
-11609.9,-11888.5,2439.01
-11609.9,-11981.4,2431.83
-11609.9,-12074.3,2443.26
-11517,-12167.2,2448.18
-11517,-12260.1,2434.29
-11609.9,-12352.9,2428.04
-11702.8,-12352.9,2424.72
-11609.9,-12445.8,2417.01
-11517,-12445.8,2403.58
-11517,-12538.7,2399.39
-11424.1,-12445.8,2387.76
-11424.1,-12538.7,2376.4
-11331.3,-12445.8,2369.28
-11238.4,-12445.8,2355.79
-11145.5,-12538.7,2345.42
-11238.4,-12538.7,2341.37
-11331.3,-12631.6,2335.65
-11238.4,-12631.6,2327.28
-11145.5,-12631.6,2322.96
-11238.4,-12724.5,2304.01
-11331.3,-12817.3,2302.22
-11331.3,-12910.2,2292.38
-11424.1,-13003.1,2300.69
-11424.1,-13096,2295.11
-11424.1,-13188.9,2294.97
-11424.1,-13281.7,2302.08
-11424.1,-13374.6,2309.26
-11424.1,-13467.5,2293.38
-11424.1,-13560.4,2281.01
-11517,-13653.3,2289.12
-11609.9,-13746.1,2275.3
-11702.8,-13839,2262.07
-11795.7,-13931.9,2248.44
-11888.5,-13931.9,2254.89
-11981.4,-13931.9,2244.79
-12074.3,-14024.8,2216.01
-11981.4,-14024.8,2205.9
-12074.3,-14117.6,2191.02
-12167.2,-14210.5,2182.04
-12260.1,-14210.5,2181.44
-12352.9,-14210.5,2174.93
-12445.8,-14210.5,2166.69
-12352.9,-14303.4,2152.4
-12445.8,-14303.4,2148.81
-12538.7,-14303.4,2147.48
-12631.6,-14396.3,2143.96
-12538.7,-14489.2,2138.31
-12445.8,-14396.3,2132.99
-12352.9,-14396.3,2118.37
-12260.1,-14396.3,2109.79
-12352.9,-14489.2,2097.23
-12445.8,-14582,2091.05
-12352.9,-14582,2084.14
-12445.8,-14674.9,2078.09
-12538.7,-14767.8,2070.77
-12631.6,-14767.8,2071.97
-12724.5,-14767.8,2071.17
-12817.3,-14767.8,2065.06
-12910.2,-14767.8,2055.62
-12910.2,-14674.9,2042.99
-13003.1,-14767.8,2030.36
-13003.1,-14860.7,2024.78
-13096,-14767.8,2014.68
-13188.9,-14674.9,2007.76
-13281.7,-14767.8,2001.91
-13374.6,-14674.9,1988.35
-13374.6,-14582,1984.3
-13467.5,-14674.9,1979.12
-13467.5,-14582,1973
-13560.4,-14674.9,1965.82
-13653.3,-14582,1958.04
-13746.1,-14489.2,1957.45
-13839,-14489.2,1949.94
-13746.1,-14582,1939.23
-13839,-14582,1925.54
-13746.1,-14674.9,1921.09
-13839,-14767.8,1912.71
-13931.9,-14860.7,1909.12
-14024.8,-14953.6,1910.05
-14117.6,-15046.4,1902.94
-14210.5,-15046.4,1898.36
-14303.4,-15046.4,1890.58
-14210.5,-15139.3,1885.26
-14210.5,-15232.2,1881.21
-14303.4,-15325.1,1874.96
-14303.4,-15232.2,1867.78
-14396.3,-15325.1,1857.54
-14489.2,-15418,1851.1
-14489.2,-15325.1,1846.78
-14582,-15325.1,1842.06
-14674.9,-15418,1834.95
-14767.8,-15325.1,1828.23
-14860.7,-15325.1,1824.84
-14953.6,-15325.1,1822.38
-15046.4,-15325.1,1820.06
-15139.3,-15325.1,1818.93
-15232.2,-15325.1,1815.8
-15325.1,-15325.1,1809.89
-15325.1,-15232.2,1807.16
-15418,-15139.3,1796.53
-15510.8,-15046.4,1781.11
-15510.8,-14953.6,1788.88
-15603.7,-15046.4,1794.33
-15696.6,-15046.4,1769.14
-15789.5,-15139.3,1778.45
-15882.4,-15232.2,1754.72
-15882.4,-15139.3,1740.16
-15789.5,-15046.4,1741.42
-15789.5,-14953.6,1733.65
-15696.6,-14860.7,1723.48
-15696.6,-14953.6,1717.89
-15789.5,-14860.7,1703.34
-15789.5,-14767.8,1686.39
-15882.4,-14860.7,1674.62
-15975.2,-14953.6,1661.93
-16068.1,-15046.4,1648.24
-16068.1,-15139.3,1642.52
-16068.1,-15232.2,1650.76
-16161,-15325.1,1652.56
-16253.9,-15418,1654.68
-16346.7,-15418,1645.91
-16439.6,-15418,1640.06
-16439.6,-15510.8,1632.68
-16532.5,-15418,1621.12
-16532.5,-15510.8,1616.07
-16625.4,-15418,1598.85
-16718.3,-15418,1588.22
-16718.3,-15510.8,1581.44
-16811.1,-15603.7,1572.26
-16904,-15696.6,1571.33
-16996.9,-15696.6,1565.82
-17089.8,-15696.6,1566.08
-17182.7,-15696.6,1566.01
-17275.5,-15789.5,1565.95
-17368.4,-15882.4,1566.08
-17461.3,-15975.2,1565.28
-17554.2,-16068.1,1564.62
-17647.1,-16068.1,1563.95
-17739.9,-16161,1563.09
-17832.8,-16253.9,1564.02
-17925.7,-16253.9,1563.75
-18018.6,-16346.7,1563.49
-18111.5,-16439.6,1563.29
-18204.3,-16532.5,1563.62
-18297.2,-16625.4,1563.95
-18390.1,-16718.3,1564.75
-18483,-16811.1,1564.55
-18575.9,-16904,1563.22
-18668.7,-16996.9,1565.35
-18761.6,-17089.8,1566.08
-18854.5,-17182.7,1566.08
-18854.5,-17275.5,1566.15
-18854.5,-17368.4,1566.28
-18854.5,-17461.3,1566.08
-18854.5,-17554.2,1566.08
-18854.5,-17647.1,1566.35
-18854.5,-17739.9,1566.21
-18854.5,-17832.8,1566.35
-18854.5,-17925.7,1566.68
-18854.5,-18018.6,1566.61
-18854.5,-18111.5,1566.28
-18854.5,-18204.3,1566.15
-18854.5,-18297.2,1565.88
-18854.5,-18390.1,1566.35
-18854.5,-18483,1565.35
-18761.6,-18575.9,1570.87
-18668.7,-18668.7,1578.58
-18575.9,-18668.7,1589.21
-18668.7,-18761.6,1603.84
-18575.9,-18761.6,1613.41
-18483,-18668.7,1623.64
-18483,-18761.6,1623.58
-18575.9,-18854.5,1626.3
-18483,-18854.5,1632.08
-18575.9,-18947.4,1641.26
-18668.7,-18947.4,1644.91
-18575.9,-19040.2,1655.02
-18668.7,-19040.2,1664.12
-18761.6,-19040.2,1679.28
-18854.5,-18947.4,1677.15
-18947.4,-18854.5,1692.5
-18947.4,-18947.4,1701.34
-18854.5,-19040.2,1701.01
-18761.6,-19133.1,1705.73
-18854.5,-19133.1,1712.05
-18947.4,-19040.2,1721.09
-18947.4,-19133.1,1724.28
-19040.2,-19040.2,1732.98
-19040.2,-19133.1,1742.02
-18947.4,-19226,1749.13
-19040.2,-19226,1755.91
-19133.1,-19226,1763.62
-19226,-19133.1,1765.88
-19226,-19226,1776.79
-19318.9,-19133.1,1789.41
-19318.9,-19226,1801.51
-19226,-19318.9,1809.95
-19318.9,-19318.9,1815.34
